0,1,2,3,4,5,6
0.02173913,0.0,0.32122678,0.0,1.0,1.0,0.25161076
0.0,1.0,0.47914988,0.2,0.0,0.6666667,0.00963595
0.2173913,1.0,0.45843422,0.6,0.0,0.6666667,0.05311516
0.32608697,1.0,0.18146354,0.0,0.0,0.33333334,0.33301005
0.3043478,1.0,0.34759212,0.0,0.0,0.33333334,0.04381556
0.2826087,0.0,0.2631154,0.0,0.0,0.6666667,0.042055998
0.6086956,0.0,0.47027168,0.2,0.0,0.6666667,0.11362937
0.41304347,0.0,0.31692222,0.6,0.0,0.33333334,0.09832041
0.41304347,1.0,0.37315038,0.4,0.0,0.0,0.08435209
0.9130435,0.0,0.26580575,0.0,0.0,0.33333334,0.44376543
0.1521739,1.0,0.27602902,0.0,0.0,0.0,0.025530467
0.95652175,0.0,0.2779123,0.0,1.0,0.6666667,0.42597714
0.10869565,1.0,0.49609905,0.0,0.0,1.0,0.011252759
0.82608694,0.0,0.6419155,0.0,0.0,0.6666667,0.15912329
0.19565217,1.0,0.7040624,0.0,1.0,0.6666667,0.6143778
0.02173913,1.0,0.23244552,0.2,0.0,1.0,0.0114186695
0.73913044,0.0,0.39870864,0.2,0.0,0.0,0.1544403
0.10869565,1.0,0.21213341,0.0,0.0,0.0,0.020324456
0.82608694,1.0,0.65482914,0.0,0.0,1.0,0.15132849
0.26086956,1.0,0.5203121,0.0,1.0,1.0,0.57009447
0.9130435,0.0,0.539279,0.0,0.0,0.0,0.19325222
0.26086956,0.0,0.4422922,0.2,0.0,1.0,0.048330914
0.0,1.0,0.48802793,0.0,0.0,0.6666667,0.00024161905
0.3478261,0.0,0.4293785,0.2,1.0,0.0,0.58389217
0.41304347,1.0,0.3245897,0.4,0.0,0.33333334,0.081119634
0.8913044,0.0,0.31638414,0.6,0.0,0.6666667,0.20557952
0.9782609,0.0,0.19168681,0.0,0.0,0.0,0.21277364
0.8043478,0.0,0.45238099,0.4,0.0,0.33333334,0.17792521
0.10869565,1.0,0.038337372,0.2,0.0,0.33333334,0.026390364
0.2826087,1.0,0.54721546,0.4,1.0,1.0,0.5999999
0.08695652,1.0,0.5283831,0.0,1.0,1.0,0.55011165
0.0,0.0,0.27858487,0.0,0.0,0.0,0.017180221
0.02173913,0.0,0.3400592,1.0,0.0,1.0,0.056919474
0.9782609,1.0,0.33225715,0.0,0.0,0.33333334,0.2018917
0.2173913,1.0,0.5499059,0.2,1.0,1.0,0.7992632
0.02173913,1.0,0.12012373,0.0,0.0,0.33333334,0.008037852
0.95652175,0.0,0.45749262,0.6,0.0,0.33333334,0.23129535
0.17391305,1.0,0.13021252,0.0,0.0,1.0,0.018842034
0.36956522,1.0,0.55716974,0.2,1.0,0.0,0.61697197
0.9130435,1.0,0.6440678,0.0,1.0,1.0,0.7510386
0.13043478,0.0,0.28625235,0.0,0.0,0.0,0.030714007
0.2826087,0.0,0.55609363,0.4,0.0,0.6666667,0.061100926
0.5,1.0,0.1565779,0.2,0.0,0.6666667,0.082214236
0.41304347,0.0,0.39924666,0.4,0.0,0.6666667,0.08287318
0.4347826,1.0,0.567393,0.2,0.0,0.0,0.07913666
0.8043478,1.0,0.5741189,0.0,0.0,1.0,0.31139442
0.0,0.0,0.6108421,0.4,0.0,0.0,0.03625754
0.2173913,0.0,0.50605327,0.0,0.0,0.33333334,0.038868386
0.9130435,0.0,0.23056228,0.0,0.0,0.6666667,0.18369174
0.39130434,1.0,0.51762176,0.2,1.0,0.6666667,0.59997076
0.0,0.0,0.5290557,0.0,0.0,0.0,0.017386785
0.06521739,0.0,0.4753834,0.4,0.0,0.33333334,0.03923402
0.65217394,1.0,0.32391712,0.2,1.0,1.0,0.35829076
0.39130434,1.0,0.4969061,0.0,1.0,0.6666667,0.5845418
0.47826087,0.0,0.34248048,0.6,0.0,0.33333334,0.11074166
0.8695652,1.0,0.5648373,0.4,1.0,0.33333334,0.7402345
0.8695652,0.0,0.4268227,0.4,0.0,0.0,0.19929422
0.0,1.0,0.4229217,0.4,1.0,0.6666667,0.5296418
0.76086956,0.0,0.1861716,0.2,1.0,0.6666667,0.35312736
0.3478261,0.0,0.5750605,0.4,0.0,0.33333334,0.07769771
0.54347825,1.0,0.30669895,0.6,0.0,0.0,0.119465545
0.1521739,1.0,0.47619048,0.8,0.0,0.6666667,0.053996276
1.0,1.0,0.23513587,0.2,0.0,0.33333334,0.463614
0.2173913,0.0,0.26836154,0.2,0.0,0.33333334,0.048074014
0.04347826,0.0,0.17379606,0.0,1.0,0.33333334,0.21692233
0.02173913,0.0,0.3481302,0.0,0.0,1.0,0.009917868
0.9347826,0.0,0.622545,0.4,0.0,1.0,0.20931366
0.47826087,1.0,0.27858487,0.2,0.0,0.33333334,0.08408021
0.47826087,0.0,0.5442561,0.0,0.0,0.6666667,0.07658964
0.2173913,1.0,0.21576537,0.6,1.0,0.6666667,0.26403278
0.19565217,0.0,0.23648103,0.0,1.0,0.6666667,0.2467081
0.2826087,1.0,0.33736882,1.0,0.0,0.0,0.090625934
0.76086956,0.0,0.32660747,0.6,0.0,1.0,0.16951472
0.8695652,1.0,0.4317998,0.2,0.0,0.6666667,0.17278534
0.5652174,1.0,0.30777505,0.4,0.0,1.0,0.10542909
0.84782606,1.0,0.4856066,0.0,0.0,0.33333334,0.16336828
0.23913044,0.0,0.36669356,0.2,0.0,0.6666667,0.045101423
0.06521739,1.0,0.5264998,0.0,0.0,0.6666667,0.0065539554
0.08695652,0.0,0.641512,0.0,0.0,0.0,0.026068391
0.5,0.0,0.45749262,0.0,0.0,0.33333334,0.086979665
0.2826087,1.0,0.29391983,0.2,0.0,0.0,0.052983496
0.5869565,0.0,0.6006188,0.0,0.0,0.0,0.10875617
0.08695652,1.0,0.58272797,0.2,1.0,0.6666667,0.57532513
0.65217394,0.0,0.6798493,0.8,0.0,0.33333334,0.15821256
0.41304347,0.0,0.5068604,0.4,1.0,1.0,0.61796546
0.5869565,1.0,0.18657519,0.4,1.0,0.33333334,0.318869
0.84782606,0.0,0.4089319,0.0,1.0,0.33333334,0.6777022
0.82608694,0.0,0.30239442,0.0,0.0,1.0,0.15884328
0.6086956,0.0,0.31692222,0.0,0.0,0.33333334,0.11021471
0.8043478,0.0,0.29647562,0.0,0.0,0.33333334,0.15899335
0.06521739,0.0,0.63303745,0.0,0.0,0.6666667,0.014447264
0.76086956,0.0,0.23769167,0.2,0.0,0.33333334,0.15675154
0.8913044,1.0,0.37315038,0.6,1.0,0.0,0.46390638
0.36956522,1.0,0.50605327,0.4,0.0,0.33333334,0.07353931
1.0,0.0,0.41269836,0.4,1.0,1.0,0.7369552
0.2173913,0.0,0.58272797,0.2,0.0,0.6666667,0.042219806
0.7826087,0.0,0.39924666,0.6,0.0,1.0,0.17531843
0.8043478,1.0,0.6004842,0.0,0.0,0.6666667,0.14532514
0.82608694,1.0,0.10734465,0.0,1.0,0.0,0.33984464
0.4347826,1.0,0.089857385,0.0,1.0,1.0,0.23462354
0.5,0.0,0.42076942,0.0,0.0,1.0,0.08083591
0.26086956,1.0,0.25558242,0.0,0.0,0.0,0.040275715
0.0,0.0,0.38081783,0.0,0.0,0.0,0.32280034
0.9347826,0.0,0.37557167,0.6,1.0,0.6666667,0.47599372
0.3478261,0.0,0.31046543,0.2,0.0,1.0,0.06196438
0.04347826,1.0,0.3245897,0.2,1.0,0.33333334,0.26239243
0.02173913,0.0,0.33467847,0.2,0.0,1.0,0.01930843
0.17391305,1.0,0.40126443,0.4,0.0,0.33333334,0.043982342
0.23913044,1.0,0.32230294,0.0,0.0,0.6666667,0.027857717
0.9782609,1.0,0.5146624,0.0,1.0,0.6666667,0.7331958
0.7826087,1.0,0.4753834,0.2,0.0,0.33333334,0.15488593
0.8043478,0.0,0.36965296,0.4,0.0,1.0,0.17174354
0.41304347,1.0,0.39924666,0.0,0.0,1.0,0.056264423
0.06521739,0.0,0.53161156,0.0,0.0,0.33333334,0.020477088
0.73913044,1.0,0.43704605,0.6,0.0,0.0,0.1654698
0.9130435,1.0,0.33992463,0.0,0.0,0.0,0.46510446
0.8695652,1.0,0.8905031,0.0,0.0,0.6666667,0.16376197
0.23913044,0.0,0.32230294,0.2,1.0,0.6666667,0.28709212
0.67391306,0.0,0.30158728,0.0,0.0,0.6666667,0.119387515
0.41304347,0.0,0.19935434,0.4,0.0,0.33333334,0.0888218
0.5652174,1.0,0.56873816,0.4,0.0,1.0,0.1056443
0.0,1.0,0.2095776,0.0,0.0,0.0,0.009317863
0.04347826,0.0,0.35014796,0.0,0.0,0.33333334,0.018126538
0.5652174,1.0,0.41404358,0.2,1.0,0.0,0.6134957
0.6304348,0.0,0.48305088,0.6,0.0,0.33333334,0.14354897
0.17391305,0.0,0.3450363,0.0,0.0,0.0,0.03613053
0.02173913,0.0,0.33198813,0.0,1.0,1.0,0.25474182
0.73913044,0.0,0.5768093,0.0,0.0,1.0,0.13587965
0.3043478,0.0,0.048560645,0.4,1.0,0.33333334,0.50459766
0.4347826,1.0,0.50417006,0.4,0.0,1.0,0.07918029
0.8913044,0.0,0.2836965,0.0,0.0,0.0,0.1866535
0.9347826,0.0,0.16357279,0.0,0.0,0.0,0.19943771
0.76086956,0.0,0.53645414,0.4,0.0,1.0,0.16028613
0.02173913,1.0,0.25813827,0.0,0.0,0.33333334,0.008151674
0.04347826,0.0,0.3450363,0.0,0.0,0.0,0.021314735
0.08695652,0.0,0.32526228,0.0,0.0,0.6666667,0.016501697
0.02173913,1.0,0.48802793,0.0,0.0,1.0,0.0022277946
0.08695652,1.0,0.24791496,0.0,0.0,0.33333334,0.014745933
0.7826087,0.0,0.42884043,0.6,0.0,0.6666667,0.41821972
0.08695652,0.0,0.53914446,0.0,0.0,1.0,0.016678087
0.3478261,1.0,0.17379606,0.4,0.0,0.0,0.41906843
0.17391305,1.0,0.44471353,0.2,0.0,0.0,0.037808936
0.3478261,1.0,0.25127786,0.4,1.0,0.6666667,0.2849327
0.23913044,1.0,0.37059456,0.4,0.0,0.33333334,0.2719297
0.26086956,1.0,0.34248048,0.6,1.0,0.33333334,0.3132413
0.23913044,0.0,0.61528116,0.6,0.0,0.6666667,0.06410974
0.6086956,1.0,0.39104116,0.6,1.0,0.33333334,0.63207644
0.7173913,0.0,0.58568734,0.2,0.0,0.6666667,0.13975954
0.76086956,0.0,0.57761633,0.2,0.0,0.33333334,0.15703188
0.02173913,1.0,0.33467847,0.2,0.0,1.0,0.011502981
0.36956522,1.0,0.21980087,0.2,0.0,0.33333334,0.06390158
0.65217394,1.0,0.36965296,0.0,0.0,0.6666667,0.1064312
0.3043478,0.0,0.5699489,0.6,0.0,0.0,0.08320176
0.5217391,0.0,0.19935434,0.0,1.0,0.0,0.3007711
0.47826087,0.0,0.25558242,0.2,0.0,0.0,0.095059104
0.5652174,1.0,0.6338445,0.0,0.0,0.33333334,0.09300816
0.65217394,1.0,0.2276029,0.0,1.0,0.6666667,0.3208662
0.0,1.0,0.24791496,0.0,1.0,0.0,0.22979471
0.26086956,1.0,0.5264998,0.0,1.0,0.6666667,0.5718948
0.6956522,0.0,0.31934354,0.6,0.0,0.6666667,0.29733342
0.5217391,0.0,0.28625235,0.0,1.0,0.33333334,0.3228619
0.0,0.0,0.5620123,0.0,1.0,0.6666667,0.5591128
0.7826087,1.0,0.6359967,0.2,0.0,1.0,0.14890492
0.3043478,0.0,0.37234324,0.4,0.0,1.0,0.06433125
0.41304347,1.0,0.3680387,0.0,0.0,0.33333334,0.062352154
0.6304348,1.0,0.32970136,0.8,0.0,0.0,0.1482111
0.04347826,0.0,0.5660479,1.0,0.0,1.0,0.059199385
0.3043478,0.0,0.46260422,0.6,0.0,0.33333334,0.07992081
0.02173913,0.0,0.4268227,0.2,0.0,0.33333334,0.02549789
0.19565217,1.0,0.07923058,0.6,0.0,0.0,0.059155885
0.9782609,1.0,0.6863062,0.0,0.0,0.6666667,0.19607022
0.67391306,1.0,0.38579497,0.0,0.0,1.0,0.11165152
0.0,1.0,0.0,0.0,0.0,0.0,0.009145023
0.36956522,0.0,0.5068604,0.2,0.0,1.0,0.0658303
0.13043478,0.0,0.46771592,0.0,0.0,0.33333334,0.027671246
0.9782609,0.0,0.5848803,0.0,1.0,1.0,0.76143134
0.4347826,1.0,0.31947803,0.4,0.0,0.33333334,0.08514145
0.7826087,1.0,0.35620123,0.2,0.0,1.0,0.14867416
0.6086956,0.0,0.3481302,0.4,0.0,1.0,0.122930296
0.5,0.0,0.46260422,0.6,0.0,0.0,0.11838125
0.8695652,1.0,0.33992463,0.0,0.0,0.33333334,0.16942139
0.0,0.0,0.6004842,0.0,0.0,0.6666667,0.008139809
0.08695652,1.0,0.10734465,0.6,0.0,0.0,0.04602738
0.5652174,0.0,0.28114069,0.0,0.0,0.33333334,0.100522734
0.5652174,1.0,0.39628732,0.4,0.0,0.6666667,0.105502084
0.39130434,1.0,0.69774014,0.6,1.0,0.0,0.68048596
0.17391305,0.0,0.37557167,0.4,0.0,0.6666667,0.04565314
0.26086956,0.0,0.401937,0.6,0.0,1.0,0.06710094
0.5,0.0,0.43691152,0.2,0.0,1.0,0.09025087
0.23913044,0.0,0.4344902,0.4,0.0,0.33333334,0.060672462
0.9347826,1.0,0.41996232,0.0,0.0,0.6666667,0.18253784
0.39130434,0.0,0.275491,0.0,0.0,1.0,0.060049146
0.1521739,1.0,0.2631154,0.0,0.0,0.6666667,0.016213937
0.82608694,0.0,0.28625235,0.2,0.0,0.33333334,0.17434509
0.0,1.0,0.4969061,0.0,0.0,0.6666667,0.0002489415
0.02173913,1.0,0.39359698,0.0,0.0,0.33333334,0.008263386
0.45652175,0.0,0.4530535,0.0,0.0,1.0,0.072273664
0.5869565,0.0,0.3400592,0.4,0.0,0.6666667,0.11803872
0.7173913,0.0,0.056228116,0.0,0.0,0.33333334,0.13603473
1.0,0.0,0.62873286,0.0,0.0,0.0,0.21995148
0.02173913,0.0,0.4344902,0.0,0.0,0.33333334,0.016102556
0.65217394,0.0,0.43771857,0.2,0.0,0.6666667,0.123694435
0.9130435,0.0,0.21724507,0.0,0.0,0.33333334,0.18979424
0.19565217,0.0,0.5412968,0.0,1.0,0.6666667,0.57482606
0.6086956,1.0,0.17056763,0.0,0.0,1.0,0.0961751
0.2173913,0.0,0.34759212,0.2,0.0,0.0,0.051331773
0.8913044,1.0,0.28087163,0.0,0.0,0.6666667,0.16953982
0.36956522,1.0,0.31692222,0.4,1.0,0.0,0.31704196
0.9782609,0.0,0.42615008,0.0,0.0,1.0,0.20366113
0.47826087,1.0,0.6798493,0.2,0.0,0.0,0.087603554
0.04347826,1.0,0.45843422,0.2,0.0,1.0,0.013698577
0.47826087,1.0,0.40126443,0.8,0.0,0.33333334,0.112386346
0.13043478,1.0,0.33736882,0.4,0.0,0.33333334,0.03856161
0.3478261,0.0,0.28974977,0.2,0.0,0.6666667,0.061947297
0.5869565,0.0,0.401937,0.4,0.0,1.0,0.11808975
0.5,0.0,0.56873816,0.4,0.0,1.0,0.09976125
0.76086956,0.0,0.28625235,0.0,0.0,0.33333334,0.14738993
0.19565217,1.0,0.19209039,0.0,0.0,0.6666667,0.021738127
0.17391305,0.0,0.37557167,0.2,0.0,0.6666667,0.03625148
0.13043478,0.0,0.19504973,0.0,0.0,0.6666667,0.38244927
0.3478261,0.0,0.47726664,0.2,0.0,1.0,0.062101945
0.76086956,0.0,0.46516007,0.0,0.0,0.0,0.15072991
0.3043478,1.0,0.39924666,0.6,0.0,1.0,0.06594964
0.02173913,1.0,0.5068604,0.0,1.0,1.0,0.5372468
0.5217391,1.0,0.23352163,0.0,1.0,0.6666667,0.29360083
0.8043478,1.0,0.48210925,0.6,0.0,0.6666667,0.17343247
0.2173913,1.0,0.5945655,0.0,0.0,0.6666667,0.025022468
0.8695652,0.0,0.69814366,0.0,0.0,0.6666667,0.36881083
0.5,0.0,0.42171103,0.2,0.0,0.0,0.09954423
0.6304348,1.0,0.25558242,0.4,0.0,0.0,0.12934668
0.5217391,0.0,0.5443906,0.2,0.0,0.33333334,0.10090846
0.8913044,0.0,0.31934354,0.6,0.0,0.6666667,0.20558196
0.02173913,0.0,0.04950226,0.0,0.0,1.0,0.00967159
0.8913044,1.0,0.31046543,0.2,0.0,1.0,0.17896588
0.45652175,1.0,0.2300242,0.4,0.0,0.33333334,0.08920106
0.47826087,0.0,0.16841537,0.4,1.0,0.6666667,0.29246312
0.0,0.0,0.28974977,0.0,0.0,0.6666667,0.007883547
0.2826087,1.0,0.6034436,0.4,0.0,0.6666667,0.053334527
0.02173913,1.0,0.35270378,0.0,1.0,0.33333334,0.2590771
0.5652174,1.0,0.5945655,0.2,0.0,0.6666667,0.09626395
0.10869565,0.0,0.55716974,0.4,1.0,0.0,0.5968175
0.32608697,0.0,0.16612859,0.2,0.0,0.0,0.067554645
0.8043478,0.0,0.291633,0.2,0.0,1.0,0.5433207
0.47826087,1.0,0.5203121,0.6,0.0,1.0,0.0969694
0.9782609,0.0,0.31692222,0.0,1.0,0.0,0.45334315
0.7826087,1.0,0.37826204,0.0,0.0,0.33333334,0.37278762
0.9130435,0.0,0.5945655,0.0,0.0,0.6666667,0.18399194
0.13043478,1.0,0.535378,0.0,0.0,0.6666667,0.013808131
0.02173913,1.0,0.13290286,0.2,0.0,1.0,0.011336576
0.23913044,1.0,0.35014796,0.2,0.0,0.0,0.04658822
0.0,1.0,0.035781566,0.4,1.0,0.0,0.18687712
0.9782609,0.0,0.43691152,0.4,1.0,1.0,0.7371827
0.7826087,1.0,0.49098733,0.4,1.0,0.6666667,0.68858534
0.19565217,1.0,0.38579497,0.6,0.0,1.0,0.050102834
0.6956522,1.0,0.4268227,0.0,1.0,0.0,0.6380879
0.8043478,0.0,0.2530266,0.6,0.0,0.0,0.19035488
0.82608694,1.0,0.4753834,0.0,1.0,0.33333334,0.68316513
0.4347826,0.0,0.6507937,0.0,0.0,0.6666667,0.068303354
0.7173913,1.0,0.2274684,0.8,0.0,0.33333334,0.1659771
0.02173913,1.0,0.4293785,0.0,1.0,0.33333334,0.5208168
0.8695652,0.0,0.24858758,0.0,0.0,1.0,0.17103805
0.04347826,0.0,0.29270917,0.2,1.0,0.6666667,0.25480863
0.73913044,1.0,0.22491254,0.6,1.0,0.0,0.3790664
0.02173913,1.0,0.5648373,0.0,1.0,0.33333334,0.5602289
0.76086956,0.0,0.5945655,0.6,0.0,0.6666667,0.3087242
0.6086956,1.0,0.7099811,0.6,1.0,0.6666667,0.7187596
0.47826087,1.0,0.103309095,0.2,1.0,0.6666667,0.25631315
0.8913044,0.0,0.44215766,0.6,0.0,0.0,0.21498913
0.5869565,1.0,0.38310465,0.2,0.0,1.0,0.100867115
0.67391306,1.0,0.26580575,0.2,0.0,0.0,0.1302601
0.0,1.0,0.36077482,0.2,0.0,0.6666667,0.009538326
0.6956522,1.0,0.49071833,0.4,1.0,1.0,0.666176
0.5,1.0,0.567393,0.4,0.0,0.33333334,0.09806816
0.6956522,1.0,0.30925477,0.2,0.0,0.0,0.13561028
0.1521739,1.0,0.31181055,0.0,0.0,0.33333334,0.022367563
0.6304348,0.0,0.28625235,0.4,0.0,0.0,0.13717741
0.02173913,1.0,0.1252354,0.4,0.0,0.33333334,0.026845373
0.08695652,0.0,0.22437446,0.0,0.0,1.0,0.016418496
0.8913044,1.0,0.4258811,0.4,0.0,0.6666667,0.18846272
0.7173913,0.0,0.15065911,0.2,0.0,0.6666667,0.13940078
0.47826087,0.0,0.32714555,0.2,1.0,0.0,0.3385504
0.7826087,1.0,0.6619585,0.6,1.0,0.0,0.7570375
0.26086956,1.0,0.31436643,0.2,0.0,0.0,0.049725845
0.8043478,0.0,0.44215766,0.2,0.0,0.0,0.17170756
0.73913044,0.0,0.41000807,0.0,0.0,1.0,0.1357421
0.6086956,1.0,0.28679043,0.2,0.0,0.6666667,0.105672605
0.6086956,0.0,0.86386865,0.4,0.0,0.0,0.1326615
0.9782609,0.0,0.27602902,0.0,0.0,0.33333334,0.20965078
0.8913044,0.0,0.5597256,0.2,1.0,0.0,0.74662405
0.73913044,1.0,0.28087163,0.6,0.0,0.6666667,0.39699155
0.2173913,0.0,0.46919563,0.0,0.0,1.0,0.032724522
0.23913044,1.0,0.3680387,0.2,0.0,0.0,0.30576816
0.1521739,1.0,0.79580307,0.4,1.0,0.6666667,0.65429056
0.08695652,0.0,0.3459779,0.0,0.0,0.6666667,0.016518781
0.1521739,1.0,0.291633,0.6,0.0,1.0,0.04444241
0.0,1.0,0.189131,0.0,0.0,0.0,0.009301
0.02173913,1.0,0.31584612,0.0,1.0,1.0,0.24223977
0.6304348,1.0,0.25423726,0.2,1.0,0.6666667,0.33291757
0.2826087,1.0,0.49582994,0.6,1.0,0.33333334,0.60056424
0.65217394,0.0,0.34759212,0.2,0.0,0.33333334,0.12973358
0.39130434,1.0,0.31181055,0.6,0.0,0.0,0.089784496
0.76086956,0.0,0.17890772,0.6,1.0,0.0,0.37912306
0.82608694,0.0,0.5797686,0.4,0.0,0.6666667,0.17787534
0.2173913,0.0,0.45843422,0.4,0.0,0.6666667,0.05151895
0.84782606,0.0,0.5929513,0.4,0.0,1.0,0.1839521
0.23913044,1.0,0.46771592,0.4,0.0,0.33333334,0.2924326
0.2173913,0.0,0.31046543,0.4,0.0,1.0,0.3041698
0.26086956,0.0,0.4673124,0.2,0.0,0.6666667,0.048351552
0.8695652,1.0,0.5086091,0.0,0.0,0.0,0.17275292
0.5,0.0,0.46004847,0.4,0.0,0.33333334,0.10578508
0.6956522,1.0,0.28625235,0.0,0.0,1.0,0.11688378
0.02173913,0.0,0.23513587,0.0,0.0,1.0,0.009824681
0.54347825,1.0,0.5383374,0.6,1.0,0.6666667,0.6544866
0.67391306,1.0,0.535378,0.0,0.0,0.6666667,0.11177487
0.19565217,0.0,0.41538873,0.0,1.0,1.0,0.53819275
0.73913044,1.0,0.46516007,0.0,0.0,0.0,0.13728802
0.6956522,1.0,0.43704605,0.0,0.0,0.33333334,0.123121604
0.7826087,1.0,0.45238099,0.0,0.0,0.0,0.14865772
0.5652174,0.0,0.31436643,0.0,0.0,0.33333334,0.10055013
0.3043478,1.0,0.5750605,0.2,0.0,0.0,0.05659721
0.3478261,1.0,0.25047082,0.2,0.0,0.33333334,0.060222927
0.17391305,0.0,0.3680387,0.8,0.0,0.0,0.3759032
0.3478261,1.0,0.39924666,0.0,1.0,1.0,0.5486123
0.84782606,1.0,0.67218184,0.0,0.0,0.0,0.16671456
0.23913044,1.0,0.30239442,0.0,0.0,1.0,0.0278413
0.47826087,1.0,0.4881625,0.2,0.0,0.0,0.08744547
0.19565217,0.0,0.19504973,0.2,0.0,0.6666667,0.038947668
0.5869565,1.0,0.5520581,0.4,1.0,0.33333334,0.6646383
1.0,0.0,0.47995692,0.2,1.0,1.0,0.7471227
0.73913044,1.0,0.5579769,0.0,0.0,1.0,0.12805869
0.9347826,0.0,0.54950225,0.2,1.0,0.0,0.7565328
0.73913044,1.0,0.30669895,0.0,1.0,0.33333334,0.3714651
0.9347826,0.0,0.4089319,0.0,0.0,0.33333334,0.19644764
0.82608694,0.0,0.3450363,0.0,0.0,0.0,0.16818433
0.54347825,0.0,0.53161156,0.4,0.0,0.0,0.28767946
1.0,1.0,0.49878934,0.0,0.0,1.0,0.202733
0.9130435,1.0,0.2631154,0.0,0.0,0.6666667,0.17591314
0.95652175,1.0,0.31181055,0.2,0.0,0.33333334,0.20456645
0.6956522,1.0,0.4396018,0.2,1.0,0.0,0.65120775
0.6086956,0.0,0.31638414,0.2,0.0,0.6666667,0.11350245
0.13043478,0.0,0.31315577,0.0,0.0,1.0,0.28465697
0.95652175,1.0,0.37826204,0.0,0.0,0.33333334,0.19521959
0.9130435,0.0,0.31181055,0.0,0.0,0.0,0.19306464
0.9782609,1.0,0.5597256,0.0,0.0,0.0,0.20527172
0.67391306,0.0,0.6863062,0.8,0.0,0.6666667,0.15731141
0.3478261,0.0,0.3578154,0.6,0.0,0.6666667,0.08080674
0.32608697,1.0,0.5324186,0.4,0.0,0.6666667,0.060147047
0.6086956,1.0,0.46771592,0.2,0.0,0.0,0.1151277
0.39130434,0.0,0.37557167,0.2,0.0,0.6666667,0.06953333
0.02173913,1.0,0.31947803,0.0,0.0,0.33333334,0.00820226
0.84782606,0.0,0.19424267,0.0,0.0,0.33333334,0.17093344
0.6956522,0.0,0.25934893,0.0,0.0,1.0,0.12466704
0.26086956,0.0,0.31584612,0.0,0.0,1.0,0.038824983
0.32608697,1.0,0.5188324,0.0,0.0,0.0,0.18010001
0.0,0.0,0.6004842,0.0,0.0,0.6666667,0.20768498
0.6086956,1.0,0.31315577,0.0,0.0,1.0,0.37480795
0.6086956,1.0,0.7514124,0.6,0.0,0.6666667,0.12485909
0.6304348,1.0,0.37315038,0.6,0.0,0.33333334,0.13565288
0.10869565,1.0,0.69814366,0.0,0.0,0.6666667,0.011419385
0.0,0.0,0.12994352,0.0,0.0,0.6666667,0.007751755
0.65217394,0.0,0.4396018,0.4,0.0,0.0,0.14240353
0.36956522,1.0,0.39117566,0.2,0.0,1.0,0.05792944
0.02173913,0.0,0.15442562,0.0,1.0,1.0,0.20307942
0.06521739,0.0,0.28087163,0.2,0.0,1.0,0.023558486
0.06521739,0.0,0.15953724,0.4,0.0,0.6666667,0.032860074
0.67391306,0.0,0.39870864,0.2,0.0,0.0,0.13817516
0.82608694,0.0,0.4396018,0.6,0.0,0.0,0.19646727
0.5217391,0.0,0.24280334,0.4,0.0,0.33333334,0.11006139
0.5652174,1.0,0.43193433,0.4,0.0,0.33333334,0.11164495
0.0,1.0,0.3884853,0.6,0.0,0.0,0.03767037
0.9347826,0.0,0.13801453,0.0,0.0,0.33333334,0.19622423
0.84782606,0.0,0.1686844,0.0,0.0,0.0,0.17410478
0.5217391,0.0,0.46260422,0.2,0.0,0.0,0.10403342
0.17391305,1.0,0.4557439,0.4,1.0,1.0,0.558087
0.04347826,1.0,0.4673124,0.0,0.0,0.6666667,0.004304246
0.10869565,0.0,0.33225715,0.0,1.0,0.33333334,0.26995188
0.45652175,0.0,0.24024749,0.6,1.0,0.0,0.3278297
0.13043478,1.0,0.6507937,0.0,1.0,0.6666667,0.590666
1.0,0.0,0.38081783,0.6,0.0,0.33333334,0.24475956
0.95652175,1.0,0.41700292,0.2,0.0,0.6666667,0.41308394
0.19565217,0.0,0.05367231,0.4,1.0,0.0,0.2216285
0.8043478,1.0,0.39615276,0.0,1.0,0.0,0.6573466
0.8043478,1.0,0.45843422,0.0,0.0,0.6666667,0.31380796
0.36956522,0.0,0.73661554,0.4,0.0,0.6666667,0.07542143
0.5652174,1.0,0.16612859,0.4,0.0,0.0,0.11461816
0.02173913,1.0,0.49609905,0.0,0.0,1.0,0.0022344508
0.8695652,0.0,0.62119985,0.0,0.0,0.6666667,0.17134532
0.6956522,1.0,0.2530266,0.4,0.0,0.33333334,0.46549788
0.17391305,0.0,0.17890772,0.0,0.0,0.33333334,0.032801107
0.13043478,0.0,0.38337365,0.6,0.0,0.33333334,0.05580665
0.65217394,1.0,0.5290557,0.8,0.0,0.0,0.15347517
0.02173913,0.0,0.57761633,0.0,0.0,0.33333334,0.016220596
0.65217394,1.0,0.41659936,0.2,0.0,0.0,0.12517746
0.67391306,1.0,0.41404358,0.2,0.0,0.0,0.13038234
0.6086956,0.0,0.4396018,0.4,0.0,0.0,0.13231161
0.6086956,1.0,0.10478879,0.0,0.0,0.33333334,0.10223432
0.54347825,0.0,0.49609905,0.6,0.0,1.0,0.1181213
0.06521739,1.0,0.40516543,0.0,0.0,0.6666667,0.24684726
1.0,1.0,0.25934893,0.4,0.0,1.0,0.22133882
0.0,0.0,0.5975248,0.0,0.0,0.6666667,0.0081373695
0.7173913,0.0,0.124831855,0.0,0.0,1.0,0.12997782
0.6304348,1.0,0.8490718,0.2,0.0,0.6666667,0.1111286
1.0,0.0,0.45749262,0.0,0.0,0.33333334,0.21661785
0.67391306,1.0,0.4396018,0.6,0.0,0.33333334,0.14601432
0.2826087,1.0,0.11945115,0.0,0.0,1.0,0.034132075
0.73913044,0.0,0.6031746,0.4,0.0,0.0,0.16401058
0.32608697,0.0,0.2246435,0.0,0.0,0.6666667,0.04889536
0.6304348,0.0,0.2055421,0.2,0.0,1.0,0.11840332
0.4347826,1.0,0.13882165,0.6,0.0,0.6666667,0.08828065
0.3043478,1.0,0.37853107,0.2,0.0,0.6666667,0.047129255
0.02173913,1.0,0.04089318,0.0,0.0,0.33333334,0.007972511
0.5652174,0.0,0.11501212,0.2,1.0,0.0,0.29486614
0.17391305,0.0,0.033225708,0.4,1.0,0.0,0.21283445
0.1521739,1.0,0.21361311,1.0,0.0,1.0,0.06318138
0.02173913,0.0,0.5162766,0.0,0.0,0.33333334,0.01617001
0.54347825,0.0,0.52945924,0.2,0.0,0.6666667,0.099345505
0.73913044,1.0,0.48802793,0.0,0.0,0.6666667,0.12800099
0.39130434,0.0,0.17863868,0.4,1.0,1.0,0.27911878
1.0,1.0,0.6241593,0.2,0.0,0.6666667,0.21223804
0.9782609,0.0,0.29647562,0.0,1.0,0.33333334,0.4442017
1.0,1.0,0.48210925,0.0,1.0,0.6666667,0.73054177
0.9347826,1.0,0.535378,0.0,1.0,0.6666667,0.72591037
0.47826087,1.0,0.45238099,0.2,1.0,0.0,0.60661346
0.1521739,1.0,0.39359698,0.0,0.0,0.0,0.025627425
0.65217394,1.0,0.38310465,0.4,0.0,1.0,0.1252456
0.5869565,1.0,0.2246435,1.0,0.0,0.6666667,0.13834305
0.4347826,0.0,0.3041431,0.2,0.0,0.0,0.086725004
0.0,0.0,0.35525963,0.0,0.0,0.0,0.09899448
0.06521739,0.0,0.023002433,0.2,0.0,0.0,0.0326517
0.19565217,0.0,0.3884853,0.6,0.0,0.33333334,0.28225517
0.02173913,1.0,0.4611245,0.0,0.0,1.0,0.35054412
0.23913044,0.0,0.11501212,0.4,0.0,0.33333334,0.060408987
0.5217391,1.0,0.29432335,0.0,0.0,1.0,0.07738166
0.9130435,0.0,0.39117566,0.0,0.0,1.0,0.18382421
0.2826087,1.0,0.33992463,0.2,0.0,0.33333334,0.049829017
0.9130435,1.0,0.46139362,0.6,0.0,0.6666667,0.20428164
0.08695652,1.0,0.42426684,0.0,0.0,0.0,0.018083781
0.36956522,1.0,0.3481302,0.6,0.0,1.0,0.07669725
0.73913044,0.0,0.8283562,1.0,0.0,0.6666667,0.18309537
0.17391305,1.0,0.36292708,0.0,0.0,0.0,0.028339833
0.2826087,0.0,0.44982514,0.2,0.0,0.33333334,0.057725098
0.32608697,0.0,0.47188592,0.0,1.0,1.0,0.5739557
0.0,1.0,0.72773737,0.0,0.0,0.6666667,0.0004393074
0.8913044,0.0,0.55313426,0.2,0.0,0.6666667,0.43362573
0.82608694,1.0,0.28880817,0.2,1.0,0.33333334,0.39885128
0.5869565,0.0,0.4611245,0.0,0.0,1.0,0.09933525
0.9130435,1.0,0.3680387,0.0,0.0,0.0,0.18530557
0.82608694,0.0,0.2606941,0.0,0.0,0.33333334,0.16492236
0.47826087,0.0,0.36696258,0.0,0.0,1.0,0.07644342
0.36956522,1.0,0.6090933,0.2,0.0,1.0,0.058109164
0.45652175,1.0,0.36696258,0.8,0.0,1.0,0.102003835
0.26086956,1.0,0.21980087,0.2,0.0,0.33333334,0.046455447
0.13043478,1.0,0.2001614,0.0,0.0,1.0,0.013531678
0.04347826,1.0,0.37059456,0.0,0.0,0.33333334,0.010337952
0.3043478,1.0,0.8224374,0.4,0.0,0.6666667,0.056896996
0.8913044,1.0,0.5768093,0.0,0.0,1.0,0.33001763
0.8043478,0.0,0.3814904,0.4,0.0,0.6666667,0.1717533
0.84782606,0.0,0.39104116,0.0,0.0,0.33333334,0.17109574
0.82608694,1.0,0.6359967,0.0,0.0,1.0,0.15131296
0.47826087,0.0,0.45843422,0.6,0.0,0.6666667,0.10472382
0.67391306,0.0,0.55609363,0.6,0.0,0.6666667,0.14780237
0.5217391,1.0,0.37772396,0.0,1.0,1.0,0.33555695
0.95652175,0.0,0.59550714,0.4,0.0,0.0,0.22519994
0.82608694,1.0,0.26836154,0.0,0.0,0.0,0.16031565
0.02173913,1.0,0.24791496,0.0,0.0,0.33333334,0.008143242
0.26086956,0.0,0.3341404,0.2,1.0,0.6666667,0.29370344
0.9130435,0.0,0.34274954,0.2,0.0,1.0,0.19318593
0.82608694,0.0,0.480495,0.4,0.0,0.33333334,0.18390694
0.2173913,0.0,0.22491254,0.2,0.0,0.0,0.35383186
0.0,0.0,0.21872477,0.2,0.0,0.6666667,0.017226627
0.19565217,1.0,0.44955605,0.0,0.0,0.6666667,0.021950457
0.0,0.0,0.38081783,0.0,0.0,0.0,0.017264532
0.02173913,0.0,0.37234324,0.0,0.0,1.0,0.009937836
0.6304348,0.0,0.46771592,0.0,0.0,0.0,0.31536102
0.7826087,1.0,0.24589722,0.6,1.0,1.0,0.38724634
0.9347826,1.0,0.33225715,0.2,1.0,0.33333334,0.44289595
0.13043478,1.0,0.33736882,0.0,1.0,0.0,0.5431195
0.1521739,1.0,0.5290557,0.0,0.0,0.33333334,0.022546727
0.06521739,1.0,0.5620123,0.0,0.0,0.6666667,0.0065832413
0.10869565,1.0,0.44659674,0.0,0.0,0.6666667,0.0112119345
0.9782609,1.0,0.6824052,0.6,0.0,0.33333334,0.23038544
0.67391306,1.0,0.5797686,0.4,0.0,0.6666667,0.1306148
0.0,0.0,0.41404358,0.0,0.0,0.6666667,0.007986051
0.7173913,0.0,0.63330644,0.2,0.0,1.0,0.13979882
0.65217394,1.0,0.49340865,0.6,0.0,1.0,0.13473822
0.2826087,0.0,0.4063761,0.0,0.0,0.0,0.05148003
0.7826087,0.0,0.1482378,0.6,0.0,0.33333334,0.1812249
0.02173913,1.0,0.34274954,0.0,0.0,1.0,0.0021079837
0.5652174,0.0,0.5945655,0.0,1.0,0.6666667,0.76240003
0.76086956,1.0,0.4089319,0.2,0.0,0.33333334,0.14908732
0.02173913,0.0,0.4557439,0.0,0.0,1.0,0.010006618
0.9347826,0.0,0.24535914,0.0,0.0,0.6666667,0.37337205
0.0,0.0,0.24535914,0.0,0.0,0.0,0.017152818
0.9347826,1.0,0.7382298,0.0,0.0,1.0,0.18280031
0.06521739,1.0,0.26203927,0.8,1.0,1.0,0.26848558
0.04347826,1.0,0.32203388,0.0,0.0,0.0,0.013490316
0.2826087,0.0,0.2055421,0.4,0.0,1.0,0.060811825
0.5869565,1.0,0.34274954,0.4,0.0,1.0,0.11023548
0.5652174,0.0,0.21576537,0.4,0.0,0.6666667,0.11315866
0.95652175,0.0,0.62523544,0.0,0.0,1.0,0.19711526
0.23913044,1.0,0.49609905,0.0,1.0,1.0,0.5598824
0.54347825,1.0,0.27091742,0.0,0.0,0.0,0.09123107
0.7173913,1.0,0.19504973,0.2,1.0,0.6666667,0.33673948
0.02173913,1.0,0.3844498,0.0,1.0,0.6666667,0.50163114
0.4347826,0.0,0.3489373,0.2,0.0,0.6666667,0.07745607
0.41304347,1.0,0.40126443,0.6,0.0,0.33333334,0.09058452
0.08695652,1.0,0.41404358,0.2,0.0,0.33333334,0.024284594
0.06521739,1.0,0.2095776,0.4,0.0,0.33333334,0.031209365
0.13043478,0.0,0.25047082,0.0,0.0,0.0,0.0306845
0.84782606,0.0,0.34274954,0.0,0.0,1.0,0.16494246
0.82608694,1.0,0.4344902,0.2,0.0,0.0,0.16985431
0.19565217,1.0,0.47619048,0.0,0.0,0.6666667,0.021972422
0.7173913,1.0,0.17379606,0.0,0.0,0.0,0.13151865
0.02173913,1.0,0.3884853,0.0,0.0,1.0,0.0021457006
0.45652175,1.0,0.33198813,0.2,1.0,1.0,0.3186073
0.8695652,1.0,0.53107345,0.0,0.0,1.0,0.16346556
0.04347826,1.0,0.5205811,0.2,0.0,0.6666667,0.42462936
0.5869565,1.0,0.39104116,0.4,0.0,0.33333334,0.11638878
0.36956522,0.0,0.40462735,0.2,0.0,1.0,0.06574599
0.2826087,1.0,0.40126443,0.0,0.0,0.0,0.043670364
0.6956522,0.0,0.30669895,0.0,0.0,0.0,0.39162442
0.3043478,0.0,0.76029056,0.0,0.0,0.6666667,0.045847885
0.7173913,0.0,0.48305088,0.0,0.0,0.0,0.13957913
0.4347826,0.0,0.58568734,0.0,0.0,0.6666667,0.068249665
0.5217391,1.0,0.27199352,0.2,1.0,0.6666667,0.592571
0.0,0.0,0.48210925,0.0,0.0,0.6666667,0.16537909
0.02173913,0.0,0.39359698,0.4,0.0,0.33333334,0.36613464
0.7173913,0.0,0.2647296,0.2,0.0,1.0,0.13949487
0.6086956,1.0,0.63128865,0.2,0.0,0.0,0.1152626
0.0,1.0,0.25558242,0.0,0.0,0.0,0.009355801
0.84782606,1.0,0.7040624,0.2,1.0,0.6666667,0.7590541
0.95652175,0.0,0.42426684,0.0,0.0,0.0,0.20625539
0.8913044,1.0,0.36965296,0.4,0.0,0.6666667,0.18841635
0.41304347,1.0,0.5442561,0.0,0.0,0.6666667,0.28879887
1.0,1.0,0.6596718,0.0,0.0,0.6666667,0.20286568
0.4347826,1.0,0.3245897,0.2,0.0,0.0,0.07893643
0.32608697,0.0,0.61716443,0.6,0.0,1.0,0.077424034
0.6086956,0.0,0.38310465,0.4,0.0,1.0,0.12295913
0.6086956,0.0,0.32526228,0.2,0.0,0.6666667,0.11350978
0.76086956,1.0,0.41404358,0.0,0.0,0.6666667,0.41859177
0.3478261,0.0,0.5929513,0.6,0.0,1.0,0.081000656
0.04347826,0.0,0.4258811,0.4,0.0,0.6666667,0.030878833
0.9782609,0.0,0.54721546,0.0,0.0,0.6666667,0.20376097
0.7826087,0.0,0.84611243,0.0,1.0,0.6666667,1.0
0.7826087,1.0,0.38337365,0.0,0.0,0.33333334,0.14540839
0.67391306,1.0,0.26580575,0.4,1.0,0.33333334,0.3621052
0.2173913,1.0,0.5239441,0.0,0.0,0.0,0.034270108
0.7826087,0.0,0.82701105,0.4,0.0,1.0,0.16626954
0.1521739,0.0,0.33992463,0.0,0.0,0.0,0.033388607
0.54347825,0.0,0.81355935,0.0,1.0,0.6666667,0.7141638
0.9782609,1.0,0.39924666,0.0,0.0,1.0,0.19583347
0.3043478,0.0,0.3489373,0.0,0.0,0.6666667,0.045508645
0.95652175,1.0,0.14635457,0.0,0.0,1.0,0.18891488
0.73913044,0.0,0.42426684,0.4,0.0,0.33333334,0.16067062
0.1521739,0.0,0.6824052,0.0,0.0,0.0,0.26747668
0.2173913,1.0,0.21092275,0.4,0.0,1.0,0.043509386
0.6086956,1.0,0.47027168,0.2,0.0,0.0,0.115129806
0.3478261,1.0,0.49098733,0.0,0.0,0.6666667,0.04490616
0.36956522,0.0,0.4881625,0.6,1.0,0.33333334,0.6203104
0.02173913,1.0,0.5264998,0.0,0.0,0.33333334,0.008372991
0.6086956,0.0,0.10734465,0.4,0.0,0.33333334,0.12884519
0.7826087,0.0,0.44982514,0.0,0.0,0.0,0.15646106
0.19565217,1.0,0.39117566,0.0,0.0,1.0,0.02190231
0.6956522,1.0,0.7750874,0.2,0.0,0.6666667,0.12668858
0.0,0.0,0.4347592,0.4,0.0,0.6666667,0.026806442
0.02173913,0.0,0.39104116,0.0,0.0,0.33333334,0.016066728
0.4347826,0.0,0.6619585,0.2,0.0,0.33333334,0.08382768
0.5,1.0,0.39359698,0.4,0.0,0.33333334,0.09792483
0.67391306,0.0,0.42884043,1.0,0.0,1.0,0.16650073
0.65217394,1.0,0.6619585,0.4,1.0,0.33333334,0.711591
0.2826087,0.0,0.3535109,0.0,0.0,1.0,0.04213055
0.0,0.0,0.5738499,0.2,0.0,0.6666667,0.017519496
0.26086956,0.0,0.73069674,0.4,0.0,0.6666667,0.057970416
0.95652175,0.0,0.5622814,0.2,0.0,0.0,0.48681298
0.84782606,0.0,0.4932741,0.4,0.0,0.0,0.19317576
0.8695652,0.0,0.30158728,0.0,0.0,0.33333334,0.17719522
0.08695652,1.0,0.29270917,0.0,0.0,0.6666667,0.008669405
0.2826087,0.0,0.59550714,0.2,1.0,0.0,0.91700757
0.73913044,1.0,0.38310465,0.2,0.0,1.0,0.13731612
0.1521739,0.0,0.20191014,0.0,0.0,0.0,0.033274792
0.8913044,1.0,0.25558242,0.2,0.0,0.0,0.1882265
0.02173913,1.0,0.39359698,0.0,0.0,0.33333334,0.008263386
0.45652175,1.0,0.7928437,0.4,0.0,0.6666667,0.08355175
0.3043478,0.0,0.20688725,0.2,0.0,0.6666667,0.2634437
0.02173913,1.0,0.12752222,0.0,0.0,1.0,0.0019304857
0.32608697,0.0,0.33118105,0.2,0.0,0.6666667,0.058384884
0.06521739,1.0,0.11501212,0.6,0.0,0.0,0.043725446
0.3478261,0.0,0.38337365,0.2,1.0,0.33333334,0.68352735
0.9347826,0.0,0.53672314,0.0,0.0,0.0,0.19974545
0.4347826,0.0,0.39628732,0.2,0.0,0.6666667,0.07749511
0.8695652,0.0,0.35082054,0.0,0.0,1.0,0.17112236
0.6304348,1.0,0.09712132,0.2,0.0,0.33333334,0.11662193
0.04347826,1.0,0.40812477,0.4,0.0,0.6666667,0.02305874
0.06521739,0.0,0.15846112,0.2,1.0,0.0,0.22725552
0.5,1.0,0.653753,0.0,0.0,0.6666667,0.07322261
0.6086956,0.0,0.47793916,0.2,0.0,0.0,0.12294156
0.5217391,0.0,0.36373416,0.4,0.0,0.6666667,0.104047656
0.3478261,0.0,0.46516007,0.2,0.0,0.0,0.07139784
0.54347825,1.0,0.4476728,0.4,0.0,1.0,0.10087427
0.73913044,0.0,0.58017224,0.4,0.0,0.33333334,0.51637423
0.0,0.0,0.6241593,0.0,0.0,0.6666667,0.008159335
0.7173913,1.0,0.42171103,0.0,0.0,0.33333334,0.12853068
0.82608694,0.0,0.25127786,0.0,0.0,1.0,0.15880112
1.0,0.0,0.62119985,0.6,0.0,0.6666667,0.23884436
0.02173913,0.0,0.33225715,0.0,1.0,0.33333334,0.26093355
0.7173913,0.0,0.48802793,0.0,0.0,0.6666667,0.13027735
0.19565217,0.0,0.24791496,0.0,0.0,0.0,0.038895495
0.8913044,0.0,0.2070218,0.0,1.0,0.33333334,0.39197883
0.2173913,1.0,0.29647562,0.4,0.0,0.0,0.05288582
0.26086956,1.0,0.5875706,0.4,1.0,1.0,0.6084668
0.6304348,0.0,0.36077482,0.2,0.0,0.6666667,0.11853135
0.4347826,0.0,0.5068604,0.4,0.0,1.0,0.08698796
0.0,0.0,0.46260422,0.0,0.0,0.0,0.017331982
0.3478261,0.0,0.08178638,0.6,0.0,0.0,0.08988498
0.04347826,0.0,0.45843422,0.0,0.0,0.6666667,0.012102371
0.6304348,0.0,0.55609363,0.2,1.0,0.6666667,0.6679799
0.82608694,0.0,0.33992463,0.0,0.0,0.0,0.16818012
0.67391306,1.0,0.25934893,0.4,1.0,1.0,0.3541131
0.02173913,0.0,0.46139362,0.0,1.0,0.6666667,0.53182364
0.8043478,0.0,0.56873816,0.0,0.0,1.0,0.15310441
0.26086956,1.0,0.41538873,0.2,0.0,1.0,0.040503282
0.41304347,1.0,0.48802793,0.8,1.0,1.0,0.623484
0.67391306,0.0,0.14366421,0.2,0.0,1.0,0.12865894
0.0,1.0,0.47282755,0.0,1.0,0.0,0.53466463
0.8913044,1.0,0.3450363,0.0,0.0,0.33333334,0.17570621
0.23913044,0.0,0.27091742,0.0,0.0,0.33333334,0.041734256
0.39130434,1.0,0.34759212,0.6,0.0,0.0,0.089814
0.32608697,1.0,0.7129405,0.2,0.0,0.6666667,0.16289029
0.8695652,1.0,0.5929513,0.0,0.0,1.0,0.1635166
0.5652174,0.0,0.6185096,0.0,1.0,0.33333334,0.6681971
0.76086956,1.0,0.5418348,0.2,0.0,1.0,0.14308345
0.13043478,1.0,0.35889155,0.0,0.0,1.0,0.013662582
0.23913044,0.0,0.5264998,0.0,0.0,0.6666667,0.035831567
0.47826087,1.0,0.18146354,0.4,0.0,0.0,0.096594185
0.7173913,1.0,0.63868713,0.2,0.0,1.0,0.13199781
1.0,1.0,0.59806293,0.0,0.0,0.0,0.21212074
0.02173913,0.0,0.2300242,0.2,0.0,0.33333334,0.025335588
0.36956522,0.0,0.59550714,0.4,0.0,0.0,0.37978807
0.45652175,1.0,0.28114069,0.0,1.0,0.0,0.3037173
0.82608694,1.0,0.47619048,0.8,0.0,0.6666667,0.18878777
0.32608697,1.0,0.71132636,1.0,0.0,1.0,0.08849955
0.5217391,1.0,0.33225715,0.6,1.0,0.33333334,0.505448
0.9347826,1.0,0.48305088,0.0,0.0,0.0,0.19189575
0.10869565,0.0,0.5111649,0.6,0.0,0.33333334,0.05338906
0.54347825,1.0,0.5205811,0.4,0.0,0.6666667,0.2822774
0.65217394,1.0,0.39870864,0.6,0.0,0.0,0.143966
0.45652175,1.0,0.27602902,0.2,0.0,0.33333334,0.07983735
0.47826087,0.0,0.19935434,0.6,0.0,0.0,0.11381604
0.0,1.0,0.33736882,0.0,0.0,0.0,0.009423252
0.8695652,0.0,0.45749262,0.0,0.0,0.0,0.1805162
0.67391306,0.0,0.7188593,0.4,0.0,0.6666667,0.13853495
0.76086956,0.0,0.6359967,0.2,0.0,0.6666667,0.15096655
0.65217394,0.0,0.40812477,0.0,0.0,0.6666667,0.114268385
0.5869565,0.0,0.54721546,0.4,0.0,0.6666667,0.11820956
0.8913044,0.0,0.51762176,0.0,0.0,0.6666667,0.17754053
0.73913044,0.0,0.25127786,0.4,1.0,0.6666667,0.37583545
0.17391305,0.0,0.71132636,0.2,0.0,1.0,0.03652838
0.19565217,1.0,0.46260422,0.4,0.0,0.33333334,0.04687799
0.65217394,0.0,0.53672314,0.2,0.0,0.0,0.40336743
0.84782606,0.0,0.3450363,0.8,0.0,0.0,0.21185683
0.41304347,1.0,0.8224374,0.6,0.0,0.6666667,0.08481839
0.84782606,0.0,0.21576537,0.2,0.0,0.6666667,0.3363296
0.3043478,0.0,0.41915524,0.2,0.0,0.0,0.06427409
0.0,1.0,0.47619048,0.0,0.0,0.6666667,0.0002318571
1.0,0.0,0.189131,0.0,1.0,0.6666667,0.4136734
0.54347825,1.0,0.5945655,0.4,1.0,0.6666667,0.6614447
0.67391306,1.0,0.34274954,0.2,0.0,1.0,0.12101767
0.47826087,0.0,0.45238099,0.4,1.0,0.33333334,0.6206282
0.95652175,1.0,0.43193433,0.0,1.0,0.0,0.71172166
0.47826087,0.0,0.3726123,0.2,0.0,0.6666667,0.08584973
0.26086956,1.0,0.41996232,0.6,0.0,0.6666667,0.05931036
0.23913044,0.0,0.4089319,0.0,0.0,0.0,0.045040492
0.39130434,1.0,0.36965296,0.0,0.0,0.6666667,0.05232135
0.5,0.0,0.40516543,0.0,0.0,0.6666667,0.08082304
0.5652174,0.0,0.7514124,0.4,1.0,0.6666667,0.71955544
0.5869565,1.0,0.14568199,0.0,0.0,0.33333334,0.09738313
0.8043478,0.0,0.66854995,0.6,0.0,0.6666667,0.18139169
0.9130435,1.0,0.41404358,0.6,1.0,0.33333334,0.7184308
0.82608694,1.0,0.5418348,0.6,0.0,1.0,0.17944026
0.67391306,0.0,0.19424267,0.4,0.0,0.33333334,0.14421576
0.06521739,0.0,0.038740907,0.2,0.0,1.0,0.023358801
0.02173913,1.0,0.1167608,0.0,0.0,1.0,0.0019216103
0.45652175,1.0,0.5203121,0.4,1.0,1.0,0.6222333
0.76086956,1.0,0.22491254,0.0,0.0,0.33333334,0.1395339
0.32608697,0.0,0.06833468,0.2,0.0,1.0,0.05816811
0.76086956,1.0,0.28114069,0.4,0.0,0.0,0.161576
0.5217391,1.0,0.2734732,0.4,0.0,0.0,0.105473645
0.47826087,1.0,0.69222486,0.0,0.0,0.6666667,0.06890622
0.6304348,0.0,0.21899381,0.2,0.0,1.0,0.40088245
0.19565217,1.0,0.40812477,0.2,1.0,0.6666667,0.5376755
0.06521739,1.0,0.30669895,0.0,0.0,0.0,0.015678564
0.6304348,1.0,0.54452515,0.2,0.0,1.0,0.11087743
0.04347826,1.0,0.44215766,0.2,0.0,0.33333334,0.019798623
0.13043478,1.0,0.2070218,0.0,0.0,0.33333334,0.019650806
0.19565217,0.0,0.5068604,0.2,0.0,1.0,0.039204814
0.17391305,0.0,0.6517353,0.0,0.0,0.33333334,0.033191048
0.76086956,0.0,0.4396018,0.4,0.0,0.0,0.447969
0.5,1.0,0.5324186,0.2,1.0,0.6666667,0.6249429
0.82608694,1.0,0.47793916,0.0,0.0,0.33333334,0.15729608
0.10869565,0.0,0.62711865,0.4,0.0,0.6666667,0.037969563
0.06521739,0.0,0.5087436,0.0,0.0,0.6666667,0.014344757
0.6956522,0.0,0.7744148,0.0,0.0,0.0,0.1343977
0.76086956,1.0,0.6863062,0.0,0.0,0.6666667,0.13380095
0.3478261,0.0,0.28114069,0.2,0.0,0.33333334,0.06805367
0.6304348,0.0,0.3654829,0.2,0.0,0.33333334,0.1246487
0.32608697,0.0,0.4557439,0.4,0.0,1.0,0.06788926
0.7173913,0.0,0.5945655,0.0,1.0,0.6666667,0.6908145
0.67391306,1.0,0.34248048,0.6,0.0,0.33333334,0.14593422
0.2826087,0.0,0.39104116,0.6,0.0,0.0,0.07967234
0.39130434,0.0,0.31692222,0.0,0.0,0.0,0.069389194
0.0,1.0,0.51762176,0.2,0.0,0.6666667,0.00966768
0.6956522,0.0,0.2039279,0.4,0.0,0.6666667,0.14342465
0.54347825,0.0,0.39615276,0.4,0.0,0.33333334,0.11475069
0.04347826,1.0,0.6594028,0.0,0.0,0.0,0.0137685435
0.13043478,0.0,0.17863868,0.0,0.0,1.0,0.021319374
0.9130435,1.0,0.3481302,0.0,0.0,1.0,0.17598325
0.67391306,0.0,0.17890772,0.2,0.0,0.33333334,0.13480146
0.9130435,1.0,0.22491254,0.2,0.0,0.33333334,0.19139676
0.7173913,0.0,0.55716974,0.4,0.0,0.33333334,0.15525116
0.8695652,0.0,0.47027168,0.0,0.0,0.33333334,0.17733432
0.7173913,0.0,0.66451436,0.0,0.0,0.0,0.13972878
0.76086956,1.0,0.55528647,0.6,0.0,1.0,0.16189787
0.95652175,1.0,0.5768093,0.0,0.0,1.0,0.18926989
0.02173913,1.0,0.52300245,0.0,0.0,1.0,0.0022566381
0.6956522,0.0,0.29903147,0.2,0.0,0.0,0.1434073
0.26086956,0.0,0.62119985,0.6,1.0,0.6666667,0.63545847
0.5,1.0,0.33481303,0.2,0.0,0.33333334,0.0884747
0.23913044,0.0,0.15590526,0.2,1.0,0.0,0.24798405
0.0,0.0,0.65429103,0.0,0.0,0.0,0.017490067
0.5,0.0,0.5412968,0.2,0.0,0.6666667,0.09033696
0.36956522,1.0,0.2276029,0.6,1.0,0.6666667,0.29114997
0.76086956,1.0,0.14635457,0.2,0.0,1.0,0.14275731
0.13043478,0.0,0.3804143,0.6,0.0,1.0,0.049690735
0.65217394,0.0,0.3041431,0.2,0.0,0.0,0.13289015
0.8913044,0.0,0.43422112,0.6,0.0,1.0,0.20567669
0.67391306,0.0,0.50605327,0.2,0.0,0.33333334,0.13507126
0.41304347,0.0,0.6034436,0.0,1.0,0.6666667,0.62726337
0.17391305,1.0,0.20823245,0.4,0.0,1.0,0.03770968
0.10869565,1.0,0.42426684,0.6,1.0,0.0,0.5597452
0.23913044,1.0,0.52569276,0.4,1.0,1.0,0.6937683
0.5869565,1.0,0.21724507,0.4,0.0,0.0,0.11943786
0.19565217,1.0,0.35485604,0.0,1.0,0.6666667,0.27334428
0.76086956,1.0,0.4881625,0.0,1.0,0.0,0.6725222
0.2826087,0.0,0.28679043,0.0,0.0,0.6666667,0.042075522
0.6956522,1.0,0.28114069,0.0,0.0,0.33333334,0.12299304
0.6956522,0.0,0.38081783,0.2,0.0,0.33333334,0.14028233
0.3478261,1.0,0.2970137,0.4,0.0,1.0,0.16945283
0.02173913,1.0,0.15590526,0.0,0.0,0.33333334,0.008067362
0.6304348,0.0,0.53914446,0.2,0.0,1.0,0.11867845
0.2173913,1.0,0.40126443,0.0,0.0,0.33333334,0.030976523
0.41304347,0.0,0.28087163,0.0,1.0,0.6666667,0.29397917
0.06521739,1.0,0.35014796,0.0,0.0,0.33333334,0.012521987
1.0,1.0,0.59039545,0.0,0.0,0.33333334,0.20892201
0.8695652,0.0,0.18321227,0.0,0.0,0.6666667,0.17098412
0.13043478,1.0,0.4753834,0.8,0.0,0.0,0.25549755
0.2826087,1.0,0.31436643,0.4,0.0,0.0,0.062402006
0.45652175,0.0,0.18401934,0.6,0.0,0.0,0.109562635
0.6304348,0.0,0.31934354,0.0,1.0,0.6666667,0.35026422
0.26086956,1.0,0.57761633,0.6,0.0,0.0,0.068746254
0.0,1.0,0.5975248,0.0,1.0,0.6666667,0.5616398
0.08695652,0.0,0.5009417,0.4,0.0,0.0,0.044755768
0.10869565,1.0,0.51762176,0.2,0.0,1.0,0.020672163
0.32608697,1.0,0.29970405,0.2,1.0,1.0,0.2860242
0.19565217,1.0,0.27091742,0.0,0.0,0.0,0.031109013
0.5869565,0.0,0.24791496,0.4,0.0,0.0,0.12726861
0.84782606,0.0,0.4268227,0.0,0.0,0.33333334,0.17112526
0.6304348,1.0,0.4396018,0.2,0.0,1.0,0.11079091
0.5217391,0.0,0.35082054,0.2,0.0,1.0,0.09463535
1.0,0.0,0.63868713,0.0,0.0,1.0,0.21065381
0.4347826,0.0,0.09456551,0.4,0.0,0.33333334,0.092761405
0.9347826,1.0,0.5418348,0.6,0.0,1.0,0.4280931
0.76086956,0.0,0.2889427,0.4,0.0,1.0,0.16008201
0.5652174,0.0,0.5520581,0.0,0.0,0.0,0.18636242
0.02173913,0.0,0.34759212,0.0,1.0,0.33333334,0.2653953
0.5,1.0,0.49071833,0.4,0.0,0.33333334,0.09800493
0.7173913,1.0,0.4673124,0.6,0.0,0.6666667,0.15065978
0.47826087,1.0,0.4396018,0.4,0.0,0.33333334,0.09361465
0.5869565,1.0,0.641512,0.0,0.0,0.0,0.10098445
0.36956522,1.0,0.49394673,0.6,0.0,0.6666667,0.076817505
0.76086956,1.0,0.34759212,0.0,0.0,0.33333334,0.13963509
0.26086956,1.0,0.22706482,0.6,1.0,1.0,0.27354732
0.0,1.0,0.677428,0.0,0.0,0.6666667,0.0003978181
0.7173913,1.0,0.5383374,0.2,0.0,0.6666667,0.13191505
0.6956522,0.0,0.31315577,0.2,1.0,1.0,0.37348652
0.2826087,0.0,0.3578154,0.2,0.0,0.6666667,0.051535748
0.36956522,0.0,0.31584612,0.6,0.0,1.0,0.084476076
0.9130435,1.0,0.5648373,0.0,0.0,0.0,0.18546785
0.06521739,1.0,0.5622814,0.0,0.0,0.33333334,0.012696932
0.23913044,1.0,0.17635188,0.6,0.0,0.0,0.065248184
0.95652175,0.0,0.37557167,0.0,0.0,0.6666667,0.19690937
0.45652175,0.0,0.69518423,0.0,0.0,0.6666667,0.072473355
0.02173913,1.0,0.31315577,0.0,0.0,1.0,0.002083577
0.08695652,0.0,0.19424267,0.0,0.0,0.0,0.025699526
0.76086956,1.0,0.13290286,0.0,1.0,0.6666667,0.32042152
0.45652175,0.0,0.4293785,0.4,0.0,0.33333334,0.09717092
0.19565217,1.0,0.33736882,0.0,1.0,0.33333334,0.27436978
0.26086956,1.0,0.76029056,0.4,0.0,0.6666667,0.05018938
0.26086956,0.0,0.18657519,0.2,0.0,0.0,0.057425905
0.8695652,0.0,0.4611245,0.0,0.0,1.0,0.17121331
0.32608697,1.0,0.23769167,0.0,1.0,0.0,0.26788574
0.5217391,0.0,0.27495292,0.2,0.0,0.6666667,0.09457278
1.0,0.0,0.5383374,0.0,0.0,0.6666667,0.21057107
0.06521739,1.0,0.17056763,0.2,0.0,1.0,0.015662072
0.0,0.0,0.70702183,0.0,1.0,0.6666667,0.60130376
0.10869565,1.0,0.28383103,0.0,0.0,0.6666667,0.011077701
0.5869565,0.0,0.5341673,0.0,0.0,0.33333334,0.10550896
0.47826087,0.0,0.6849609,0.2,0.0,0.33333334,0.43663993
0.02173913,0.0,0.55461395,0.0,0.0,0.33333334,0.016201625
0.0,1.0,0.3814904,0.0,0.0,0.6666667,0.00015375759
0.1521739,1.0,0.26580575,0.2,0.0,0.0,0.034923688
0.6086956,0.0,0.39924666,0.6,0.0,1.0,0.1323741
0.32608697,0.0,0.72585416,0.6,0.0,0.33333334,0.08362714
0.7826087,1.0,0.13586225,0.4,0.0,0.6666667,0.1578941
0.2173913,1.0,0.17635188,0.4,0.0,0.0,0.052786753
0.39130434,1.0,0.4969061,0.4,0.0,0.6666667,0.0712296
0.04347826,0.0,0.41700292,0.0,0.0,0.6666667,0.012068204
0.13043478,0.0,0.22235674,0.0,0.0,0.33333334,0.0274689
0.10869565,1.0,0.56873816,0.6,0.0,1.0,0.039517626
0.6304348,0.0,0.2734732,0.2,1.0,0.0,0.35562566
0.32608697,0.0,0.5264998,0.0,1.0,0.33333334,0.8621672
0.5869565,1.0,0.47726664,0.2,0.0,1.0,0.10094477
0.17391305,1.0,0.046004843,0.0,0.0,0.33333334,0.024886055
0.0,0.0,0.40812477,0.0,0.0,0.6666667,0.00798117
0.5652174,0.0,0.3726123,0.4,0.0,0.6666667,0.11328801
0.9130435,1.0,0.22491254,0.0,0.0,0.33333334,0.18199511
1.0,0.0,0.4268227,0.4,0.0,0.0,0.23858827
0.82608694,1.0,0.4258811,0.4,1.0,0.6666667,0.68145216
0.39130434,1.0,0.3245897,0.2,1.0,0.0,0.31368247
0.5,1.0,0.39870864,0.6,1.0,0.0,0.61414874
0.45652175,1.0,0.15846112,0.2,0.0,0.33333334,0.0797404
0.9782609,1.0,0.4611245,0.0,0.0,1.0,0.19588451
0.39130434,0.0,0.26580575,0.0,0.0,0.33333334,0.06615463
0.2173913,0.0,0.21213341,0.4,0.0,0.33333334,0.057429295
0.8695652,1.0,0.49582994,0.0,0.0,0.33333334,0.16954997
0.39130434,1.0,0.480495,0.2,0.0,0.33333334,0.06792789
0.5217391,1.0,0.5383374,0.4,0.0,0.6666667,0.0963862
0.39130434,1.0,0.41807908,0.0,0.0,1.0,0.052361287
0.82608694,0.0,0.33225715,0.0,0.0,0.0,0.16817379
0.36956522,0.0,0.20191014,0.4,0.0,0.0,0.08428634
0.8913044,0.0,0.41404358,0.0,0.0,0.33333334,0.18356857
0.06521739,1.0,0.40731773,0.0,0.0,1.0,0.0064556655
0.8913044,1.0,0.23513587,0.0,0.0,0.0,0.17880797
0.10869565,0.0,0.45251542,0.4,1.0,0.6666667,0.55706215
0.84782606,0.0,0.3726123,0.0,1.0,0.6666667,0.42159057
0.76086956,1.0,0.39104116,0.0,0.0,0.0,0.14286332
0.9130435,0.0,0.44363737,0.0,1.0,0.6666667,0.70052826
0.7173913,0.0,0.49071833,0.2,0.0,1.0,0.13968123
0.10869565,1.0,0.9260156,0.2,0.0,0.6666667,0.021008965
0.19565217,0.0,0.21899381,0.0,0.0,1.0,0.029565759
0.8043478,1.0,0.45238099,0.0,0.0,0.33333334,0.15131646
0.41304347,0.0,0.39870864,0.0,1.0,0.0,0.577001
0.9347826,1.0,0.4396018,0.4,0.0,0.33333334,0.2074708
0.6086956,0.0,0.5264998,0.0,1.0,0.0,0.6542815
0.76086956,0.0,0.2095776,0.4,0.0,0.0,0.16932243
0.67391306,0.0,0.21213341,0.6,1.0,0.0,0.36688858
0.04347826,0.0,0.36696258,0.0,0.0,1.0,0.012026935
0.65217394,0.0,0.46139362,0.0,1.0,0.6666667,0.6361246
0.1521739,1.0,0.21980087,0.0,1.0,0.33333334,0.23458022
0.1521739,0.0,0.43771857,0.2,0.0,0.6666667,0.272892
0.84782606,1.0,0.32660747,0.0,0.0,1.0,0.1571237
0.41304347,0.0,0.85122406,0.4,1.0,1.0,0.7181592
0.4347826,0.0,0.32391712,0.6,0.0,1.0,0.09623874
0.8043478,0.0,0.47282755,0.4,0.0,0.33333334,0.17794208
0.39130434,0.0,0.10478879,0.0,0.0,0.0,0.06921425
0.7173913,1.0,0.25396824,0.0,0.0,1.0,0.12227888
0.47826087,1.0,0.3750336,0.4,0.0,1.0,0.087447934
0.0,1.0,0.5738499,0.0,0.0,0.6666667,0.00031239615
0.84782606,1.0,0.74630076,0.2,0.0,1.0,0.16687146
0.9347826,1.0,0.2070218,0.0,0.0,0.0,0.19166811
0.1521739,0.0,0.22437446,0.6,0.0,1.0,0.05219239
0.6956522,1.0,0.54452515,0.0,0.0,1.0,0.11709678
0.17391305,0.0,0.36373416,0.2,0.0,0.6666667,0.036241718
0.5217391,1.0,0.23944041,0.0,0.0,0.6666667,0.07733639
0.54347825,1.0,0.3804143,0.2,0.0,1.0,0.09141714
0.5652174,1.0,0.15846112,0.6,0.0,0.0,0.12401348
0.10869565,0.0,0.32714555,0.0,0.0,0.33333334,0.02503234
0.67391306,0.0,0.29970405,0.2,0.0,1.0,0.3993466
0.32608697,1.0,0.47027168,1.0,0.0,0.6666667,0.08830075
0.5,1.0,0.34543982,0.2,0.0,1.0,0.08236999
0.41304347,0.0,0.36427224,0.4,0.0,1.0,0.08284434
0.08695652,1.0,0.5068604,0.6,0.0,1.0,0.037050974
0.10869565,1.0,0.30669895,0.2,0.0,0.33333334,0.026611682
0.06521739,0.0,0.16612859,0.0,0.0,0.0,0.023368085
0.7173913,0.0,0.567393,0.6,1.0,0.0,0.72041947
0.1521739,1.0,0.28880817,0.8,0.0,0.33333334,0.059955206
0.3043478,1.0,0.3489373,0.2,1.0,0.6666667,0.29685956
0.84782606,1.0,0.35014796,0.0,1.0,0.0,0.41655493
0.39130434,0.0,0.37826204,0.0,0.0,0.33333334,0.06624737
0.08695652,1.0,0.63330644,0.0,0.0,1.0,0.008950297
0.84782606,1.0,0.4753834,0.2,0.0,0.33333334,0.17276151
1.0,0.0,0.29391983,0.0,1.0,0.33333334,0.4502755
0.39130434,0.0,0.3518967,0.8,0.0,0.6666667,0.09771877
0.7826087,1.0,0.21724507,0.0,0.0,0.0,0.1484638
0.6304348,1.0,0.6182405,0.4,1.0,0.6666667,0.68765795
0.95652175,1.0,0.4344902,0.0,0.0,0.0,0.19845839
0.9347826,0.0,0.75437176,0.0,0.0,1.0,0.19061907
0.54347825,0.0,0.10990045,0.4,1.0,0.0,0.29811034
0.02173913,1.0,0.25813827,0.2,0.0,0.33333334,0.017553328
0.0,0.0,0.653753,0.0,0.0,0.6666667,0.00818374
0.02173913,0.0,0.17635188,0.0,0.0,0.33333334,0.015889673
0.67391306,1.0,0.17635188,0.0,0.0,0.0,0.12078466
0.9130435,1.0,0.6715092,0.0,1.0,0.6666667,0.75902283
0.17391305,1.0,0.3041431,0.6,0.0,0.0,0.056496307
0.67391306,1.0,0.5620123,0.0,0.0,0.6666667,0.11179684
0.9130435,0.0,0.5149314,0.0,0.0,1.0,0.18392627
0.17391305,0.0,0.36037123,0.4,0.0,0.0,0.05494648
0.19565217,1.0,0.4472693,0.6,0.0,0.0,0.059459407
0.5652174,0.0,0.44067797,0.2,0.0,0.6666667,0.10394249
0.9782609,1.0,0.64137745,0.6,0.0,1.0,0.22423814
0.3043478,0.0,0.23244552,0.0,1.0,1.0,0.26136968
0.08695652,1.0,0.33225715,0.2,0.0,0.33333334,0.024217144
0.0,1.0,0.42426684,0.0,1.0,0.0,0.52053577
0.8913044,0.0,0.28880817,0.6,0.0,0.33333334,0.21167025
0.5652174,0.0,0.31046543,0.2,0.0,1.0,0.103835106
0.32608697,1.0,0.23258,0.4,0.0,0.33333334,0.06601323
0.13043478,0.0,0.48506865,0.0,0.0,0.6666667,0.021572087
0.54347825,0.0,0.29391983,0.0,1.0,0.33333334,0.32965565
0.5869565,1.0,0.18657519,0.0,1.0,0.0,0.541872
0.9347826,0.0,0.3292978,0.0,0.0,1.0,0.1902685
0.36956522,0.0,0.49098733,0.2,0.0,0.6666667,0.06581721
0.95652175,0.0,0.24320687,0.0,0.0,1.0,0.1968002
0.95652175,0.0,0.4638149,0.0,0.0,1.0,0.19698213
0.4347826,1.0,0.40462735,0.2,0.0,1.0,0.06969655
0.3478261,1.0,0.5341673,0.0,0.0,0.33333334,0.051055234
0.54347825,1.0,0.19478075,0.0,0.0,1.0,0.0818624
0.6956522,1.0,0.4344902,0.4,0.0,0.0,0.38646477
0.02173913,0.0,0.2001614,0.4,0.0,1.0,0.028599147
0.84782606,0.0,0.111380145,0.2,0.0,1.0,0.1741533
0.95652175,0.0,0.6241593,0.0,0.0,0.6666667,0.19711438
0.5,1.0,0.49098733,0.2,0.0,0.6666667,0.08249003
0.17391305,1.0,0.8224374,0.2,0.0,0.6666667,0.028814564
0.45652175,0.0,0.4449825,0.2,0.0,1.0,0.08166867
0.6086956,1.0,0.2647296,1.0,0.0,1.0,0.14326102
0.5869565,0.0,0.5203121,0.0,0.0,1.0,0.09938406
0.3043478,1.0,0.5708905,0.4,0.0,0.6666667,0.056689546
0.8913044,0.0,0.31046543,0.0,0.0,1.0,0.17736968
0.5652174,1.0,0.37059456,0.4,0.0,0.0,0.494613
0.45652175,0.0,0.22235674,1.0,0.0,0.33333334,0.12520516
0.0,1.0,0.27495292,0.4,0.0,0.6666667,0.018869203
0.76086956,1.0,0.36373416,0.0,0.0,0.6666667,0.13353494
0.0,1.0,0.19504973,0.0,0.0,0.6666667,0.0
0.6956522,0.0,0.8105999,0.2,0.0,0.6666667,0.13452332
0.0,0.0,0.6517353,0.0,0.0,0.0,0.017487958
0.02173913,1.0,0.17890772,0.0,0.0,0.33333334,0.008086332
0.95652175,1.0,0.6448749,0.0,0.0,0.6666667,0.18932602
0.82608694,0.0,0.53376377,0.2,0.0,1.0,0.16843574
0.5217391,1.0,0.53376377,0.4,0.0,1.0,0.09638243
0.41304347,1.0,0.49071833,0.2,1.0,0.0,0.60536766
0.5217391,1.0,0.4114877,0.0,0.0,0.33333334,0.08359175
0.1521739,1.0,0.36965296,0.6,1.0,1.0,0.30027163
0.84782606,1.0,0.06389558,0.0,0.0,0.0,0.16621292
0.7173913,1.0,0.72477806,0.4,1.0,0.6666667,0.7396982
0.26086956,0.0,0.33481303,0.2,0.0,0.33333334,0.054355748
0.5652174,1.0,0.38310465,0.4,1.0,1.0,0.6045897
0.3478261,1.0,0.31947803,0.2,1.0,0.33333334,0.30148757
0.2826087,1.0,0.63303745,0.2,0.0,0.6666667,0.043957286
0.7826087,1.0,0.39924666,0.2,1.0,0.6666667,0.65249145
0.13043478,1.0,0.291364,0.2,0.0,0.33333334,0.18337235
0.54347825,1.0,0.5111649,0.2,1.0,0.0,0.6370833
0.65217394,1.0,0.55716974,0.2,0.0,0.33333334,0.4365152
0.02173913,0.0,0.63640034,0.2,0.0,0.33333334,0.025670728
0.23913044,0.0,0.26741993,0.0,0.0,1.0,0.035617903
0.9782609,0.0,0.51762176,0.2,0.0,0.6666667,0.21313821
0.6086956,1.0,0.23769167,0.6,0.0,0.0,0.1337413
0.73913044,1.0,0.5597256,0.4,0.0,0.33333334,0.404562
0.36956522,1.0,0.29970405,0.2,0.0,1.0,0.05785401
0.7173913,1.0,0.23769167,0.4,1.0,0.33333334,0.3646614
0.5652174,1.0,0.2530266,0.2,0.0,0.33333334,0.10209575
0.06521739,1.0,0.26324993,0.4,0.0,0.0,0.03444604
0.45652175,0.0,0.49394673,1.0,0.0,0.6666667,0.11931567
0.6956522,0.0,0.32822165,0.6,0.0,0.6666667,0.1529288
0.3478261,0.0,0.20446594,0.0,0.0,0.0,0.061781194
0.08695652,0.0,0.11501212,0.0,0.0,0.33333334,0.022441775
0.02173913,0.0,0.66020983,0.0,0.0,1.0,0.01017524
0.17391305,1.0,0.52354044,0.0,0.0,0.6666667,0.01916641
0.23913044,1.0,0.18657519,0.0,1.0,0.0,0.23970047
0.65217394,1.0,0.6507937,0.0,0.0,0.6666667,0.10666306
0.17391305,1.0,0.35485604,0.2,0.0,0.6666667,0.02842895
0.5869565,0.0,0.6466236,0.6,0.0,0.0,0.13699907
0.39130434,0.0,0.37557167,0.0,0.0,0.6666667,0.060131676
0.7826087,1.0,0.25558242,0.2,0.0,0.0,0.3893983
0.3478261,1.0,0.14568199,0.0,0.0,0.0,0.053927265
0.2826087,1.0,0.26741993,0.6,1.0,1.0,0.28856325
0.19565217,0.0,0.39359698,0.2,0.0,0.0,0.25019792
0.04347826,1.0,0.38081783,1.0,0.0,0.0,0.060547065
0.5652174,0.0,0.2647296,0.2,0.0,1.0,0.10379738
0.54347825,1.0,0.38081783,0.6,0.0,0.33333334,0.11633425
0.5869565,0.0,0.31436643,0.2,0.0,0.33333334,0.4344604
0.3478261,1.0,0.5034974,0.0,0.0,0.0,0.054222353
0.13043478,0.0,0.122679584,0.0,1.0,0.0,0.21468997
0.17391305,0.0,0.103309095,0.2,0.0,1.0,0.036026947
0.4347826,0.0,0.31947803,0.4,0.0,0.0,0.09613931
0.6956522,0.0,0.42076942,0.4,0.0,1.0,0.14360347
0.4347826,1.0,0.33118105,0.2,0.0,0.6666667,0.06963598
0.19565217,0.0,0.10990045,0.6,1.0,0.33333334,0.24419749
0.45652175,0.0,0.19679847,0.6,0.0,0.0,0.10957318
0.45652175,0.0,0.48802793,0.6,0.0,1.0,0.100507475
0.9782609,0.0,0.5620123,0.0,0.0,0.6666667,0.20377317
0.32608697,0.0,0.54694647,0.6,0.0,0.0,0.08667201
0.39130434,0.0,0.29391983,0.0,0.0,0.33333334,0.066177815
0.26086956,1.0,0.189131,0.4,1.0,0.33333334,0.25922212
0.13043478,1.0,0.45036322,0.0,1.0,1.0,0.5323501
0.13043478,1.0,0.2647296,0.0,0.0,1.0,0.013584927
0.65217394,1.0,0.36696258,0.0,0.0,1.0,0.32100195
0.6304348,1.0,0.086898044,0.2,0.0,0.0,0.11980591
0.23913044,1.0,0.42426684,0.4,0.0,0.33333334,0.05285858
0.2173913,1.0,0.3578154,0.4,0.0,0.0,0.052936405
0.6304348,1.0,0.32970136,0.6,1.0,0.33333334,0.37979084
0.1521739,1.0,0.24280334,0.4,0.0,0.0,0.3530744
0.7173913,1.0,0.31692222,0.2,0.0,0.0,0.14103833
0.65217394,0.0,0.18401934,0.0,0.0,1.0,0.11408356
0.54347825,1.0,0.11218722,0.4,1.0,0.6666667,0.28166437
0.9347826,0.0,0.4673124,0.8,0.0,0.6666667,0.5659892
0.65217394,1.0,0.4396018,0.2,0.0,0.33333334,0.12200401
0.4347826,0.0,0.31315577,0.0,0.0,1.0,0.0680249
0.8913044,1.0,0.25558242,0.0,0.0,0.33333334,0.17563243
0.02173913,0.0,0.23258,0.2,0.0,0.33333334,0.025337696
0.17391305,0.0,0.49071833,0.4,0.0,1.0,0.0457481
0.7826087,0.0,0.5341673,0.6,0.0,0.33333334,0.18154317
0.06521739,0.0,0.44982514,0.4,0.0,0.33333334,0.39740866
0.7173913,1.0,0.5660479,0.0,0.0,1.0,0.12253625
0.08695652,0.0,0.40516543,0.6,1.0,0.6666667,0.5502715
0.6304348,1.0,0.5412968,0.2,1.0,0.6666667,0.65586925
0.0,1.0,0.19800913,0.2,0.0,0.6666667,0.009404095
0.6304348,0.0,0.78988427,0.2,0.0,0.6666667,0.11888522
0.06521739,0.0,0.5014796,0.0,0.0,1.0,0.014338768
0.02173913,1.0,0.27091742,0.2,1.0,0.33333334,0.24468274
0.10869565,1.0,0.07411891,0.0,0.0,0.33333334,0.3267994
0.7826087,1.0,0.42076942,0.0,0.0,1.0,0.13932577
0.41304347,0.0,0.035781566,0.4,0.0,0.0,0.09187931
0.6086956,0.0,0.2070218,0.2,1.0,0.33333334,0.3281067
0.8043478,0.0,0.51762176,0.0,1.0,0.6666667,0.691188
0.26086956,0.0,0.32203388,0.0,0.0,0.0,0.048135962
0.0,1.0,0.15079366,0.0,1.0,0.0,0.20153694
0.9347826,1.0,0.6031746,0.0,0.0,0.33333334,0.18880239
0.7826087,0.0,0.18940005,0.6,0.0,1.0,0.17514536
0.08695652,1.0,0.5679311,0.4,1.0,0.6666667,0.5804216
0.5869565,0.0,0.39104116,0.2,1.0,0.33333334,0.6161937
0.08695652,1.0,0.34759212,0.0,0.0,0.0,0.018020548
0.02173913,1.0,0.3041431,0.4,0.0,0.33333334,0.34113777
0.36956522,0.0,0.3245897,0.0,1.0,0.33333334,0.3050826
0.0,1.0,0.19168681,0.0,0.0,0.0,0.009303109
0.04347826,1.0,0.39615276,0.0,1.0,0.0,0.51643556
0.2173913,0.0,0.2647296,0.0,0.0,1.0,0.0325559
0.8043478,1.0,0.5188324,0.2,0.0,0.0,0.16396534
0.54347825,0.0,0.23513587,0.4,1.0,0.33333334,0.33135557
0.54347825,0.0,0.24535914,0.0,0.0,0.0,0.099015445
0.08695652,1.0,0.98520315,0.2,1.0,0.6666667,0.69242656
0.1521739,0.0,0.17635188,0.2,0.0,0.33333334,0.03946295
0.67391306,1.0,0.401937,0.0,1.0,1.0,0.6162271
0.5652174,0.0,0.5648373,0.2,0.0,0.33333334,0.11015835
1.0,1.0,0.28114069,0.0,0.0,0.0,0.21185938
0.67391306,1.0,0.37315038,0.2,0.0,0.0,0.13034861
0.6304348,1.0,0.37234324,0.6,1.0,1.0,0.38608417
0.19565217,0.0,0.1482378,0.0,0.0,0.33333334,0.035620872
0.8043478,1.0,0.31436643,0.0,0.0,0.33333334,0.15120266
0.65217394,0.0,0.3481302,0.0,0.0,1.0,0.114218906
0.5869565,0.0,0.4258811,0.0,0.0,0.6666667,0.2682812
0.13043478,0.0,0.63303745,0.0,0.0,0.6666667,0.021694118
0.3043478,1.0,0.480495,0.2,0.0,0.33333334,0.05332681
0.13043478,1.0,0.4317998,0.0,0.0,0.6666667,0.013722711
0.84782606,1.0,0.32230294,0.2,0.0,0.6666667,0.16652179
0.8913044,1.0,0.677428,0.2,1.0,0.6666667,0.7637586
0.39130434,1.0,0.33992463,0.6,0.0,0.33333334,0.08661526
0.23913044,0.0,0.25934893,0.8,0.0,1.0,0.07321786
0.5217391,0.0,0.25127786,0.2,0.0,1.0,0.09455326
0.65217394,1.0,0.5738499,0.4,0.0,0.6666667,0.12540291
0.45652175,1.0,0.7181867,0.0,0.0,0.0,0.07399276
0.9782609,1.0,0.15334946,0.2,0.0,0.33333334,0.21114582
0.7826087,0.0,0.42884043,0.2,0.0,0.6666667,0.15653951
0.41304347,1.0,0.5679311,0.2,1.0,0.6666667,0.6185271
0.9782609,1.0,0.41659936,0.0,0.0,0.0,0.20515367
0.06521739,1.0,0.4114877,0.0,0.0,0.33333334,0.0125725735
0.7826087,0.0,0.34759212,0.4,0.0,0.0,0.17518006
0.9130435,0.0,0.06389558,0.0,0.0,0.0,0.19286019
0.3043478,0.0,0.36669356,0.2,0.0,0.6666667,0.054924943
0.6304348,0.0,0.4315308,0.2,0.0,1.0,0.11858969
0.06521739,1.0,0.27091742,0.0,0.0,0.0,0.015649056
0.2173913,1.0,0.4229217,0.0,1.0,0.6666667,0.53553146
0.9782609,1.0,0.47619048,0.6,0.0,0.6666667,0.2241019
0.0,1.0,0.1565779,0.4,0.0,0.6666667,0.17178649
0.3043478,1.0,0.31947803,0.2,0.0,0.33333334,0.053194024
0.4347826,1.0,0.10734465,0.2,0.0,0.33333334,0.07556485
0.3043478,1.0,0.41807908,0.2,0.0,1.0,0.04716187
0.95652175,0.0,0.39104116,0.4,0.0,0.33333334,0.22183889
0.45652175,0.0,0.06295397,1.0,1.0,1.0,0.285743
0.8043478,1.0,0.35014796,0.0,0.0,0.0,0.15442458
0.84782606,1.0,0.41915524,0.0,0.0,0.33333334,0.16331348
0.73913044,1.0,0.8549906,0.2,0.0,0.6666667,0.13770527
0.82608694,1.0,0.16518699,0.0,0.0,1.0,0.15092468
0.6304348,1.0,0.5442561,0.0,1.0,0.6666667,0.6473287
0.8043478,0.0,0.37315038,0.0,0.0,0.0,0.162249
0.10869565,1.0,0.45036322,0.6,0.0,1.0,0.039419997
0.08695652,0.0,0.3884853,0.0,1.0,0.33333334,0.5233269
0.6956522,0.0,0.47726664,0.8,0.0,1.0,0.16245337
0.0,0.0,0.41404358,0.8,0.0,0.0,0.054898545
0.7173913,0.0,0.5111649,0.4,1.0,0.0,0.6946581
0.08695652,1.0,0.47914988,0.0,0.0,0.6666667,0.008823163
0.73913044,0.0,0.40126443,0.0,0.0,0.0,0.3499473
0.1521739,0.0,0.48506865,0.2,0.0,0.6666667,0.03360408
0.32608697,0.0,0.08434219,0.4,1.0,0.0,0.24987696
0.76086956,1.0,0.3400592,0.6,0.0,1.0,0.16172037
0.23913044,1.0,0.6182405,0.2,0.0,0.6666667,0.03750343
0.8695652,1.0,0.5412968,0.0,0.0,0.6666667,0.163474
0.41304347,1.0,0.37234324,0.0,0.0,1.0,0.30804753
0.7826087,0.0,0.41108418,0.0,0.0,0.6666667,0.14712323
0.67391306,0.0,0.37570617,0.0,0.0,0.33333334,0.12556212
0.6956522,0.0,0.27602902,0.4,0.0,0.33333334,0.14959757
0.17391305,1.0,0.37772396,0.2,0.0,1.0,0.028447807
0.5869565,1.0,0.118106,0.6,0.0,0.6666667,0.11945187
0.7826087,0.0,0.4396018,0.2,0.0,0.0,0.16585429
0.4347826,1.0,0.6034436,0.6,1.0,0.6666667,0.6516889
0.65217394,0.0,0.26607478,0.6,1.0,0.6666667,0.36807013
0.2173913,0.0,0.27858487,0.6,0.0,0.33333334,0.066885754
0.10869565,1.0,0.2300242,0.0,0.0,0.0,0.02033921
0.8043478,1.0,0.44955605,0.2,0.0,0.6666667,0.15460233
0.5,1.0,0.3680387,1.0,0.0,0.0,0.12930112
0.1521739,1.0,0.4673124,0.4,1.0,0.6666667,0.55871516
0.32608697,1.0,0.5324186,0.2,1.0,0.6666667,0.59316415
0.26086956,0.0,0.10734465,0.6,0.0,0.33333334,0.07297146
0.10869565,0.0,0.41538873,0.0,1.0,1.0,0.5274567
0.6086956,1.0,0.5975248,0.4,0.0,0.6666667,0.11533052
0.76086956,0.0,0.5622814,0.6,1.0,0.33333334,0.7269053
0.19565217,0.0,0.44215766,0.2,0.0,0.0,0.28383127
0.10869565,0.0,0.7207425,0.2,1.0,0.0,0.63500786
0.9782609,0.0,0.24535914,0.0,0.0,0.33333334,0.2096255
0.8043478,1.0,0.3750336,0.0,0.0,1.0,0.1451392
0.36956522,0.0,0.535378,0.4,0.0,0.6666667,0.07525547
0.3478261,1.0,0.4530535,0.2,0.0,1.0,0.21128166
0.02173913,0.0,0.07102503,0.0,0.0,1.0,0.0096893385
0.45652175,0.0,0.21280603,1.0,0.0,0.6666667,0.119083814
0.19565217,1.0,0.80548835,0.4,0.0,1.0,0.0410473
0.84782606,1.0,0.65429103,0.0,0.0,0.0,0.31265122
0.73913044,0.0,0.06389558,0.0,0.0,0.33333334,0.14157014
0.2173913,1.0,0.480495,0.0,0.0,0.33333334,0.29611957
0.6956522,0.0,0.32714555,0.6,0.0,0.33333334,0.15904139
0.5652174,0.0,0.24320687,0.2,0.0,1.0,0.10377964
0.17391305,0.0,0.1686844,0.0,0.0,0.33333334,0.032792673
0.32608697,1.0,0.3844498,0.0,0.0,0.6666667,0.041221708
0.02173913,0.0,0.44471353,0.0,1.0,0.33333334,0.5710724
0.6956522,1.0,0.5679311,0.2,0.0,0.6666667,0.12651774
0.5,0.0,0.4476728,0.6,0.0,1.0,0.10906306
0.73913044,0.0,0.23944041,0.0,0.0,0.6666667,0.41495165
0.45652175,1.0,0.44067797,0.4,0.0,0.6666667,0.083261326
0.6956522,1.0,0.4396018,0.4,0.0,1.0,0.13581356
0.73913044,1.0,0.45238099,0.6,0.0,0.33333334,0.16229002
0.9130435,1.0,0.4530535,0.0,1.0,1.0,0.82155055
0.04347826,0.0,0.4293785,0.0,0.0,0.33333334,0.01819188
0.8043478,1.0,0.14904492,0.2,0.0,1.0,0.1543545
0.5217391,1.0,0.48802793,0.0,0.0,1.0,0.0775414
0.0,0.0,0.3859295,0.0,0.0,0.0,0.017268745
0.8695652,0.0,0.5520581,0.0,0.0,0.33333334,0.17740178
0.54347825,0.0,0.44659674,0.6,1.0,0.6666667,0.6355998
0.36956522,0.0,0.5341673,0.2,0.0,0.33333334,0.07196629
0.65217394,0.0,0.32203388,0.8,0.0,0.33333334,0.15791747
0.39130434,0.0,0.16612859,0.6,0.0,0.0,0.09746979
0.02173913,1.0,0.77804685,0.0,1.0,0.6666667,0.6161494
0.10869565,0.0,0.19424267,0.4,0.0,0.33333334,0.21236244
0.04347826,0.0,0.39359698,0.0,0.0,0.0,0.021354783
0.3043478,0.0,0.67635185,0.0,0.0,1.0,0.045778666
0.54347825,0.0,0.5009417,0.2,0.0,0.33333334,0.10543546
0.3478261,1.0,0.7040624,0.4,0.0,0.6666667,0.06388518
0.26086956,1.0,0.61528116,0.2,0.0,0.6666667,0.2847839
0.0,0.0,0.32970136,0.0,0.0,0.0,0.017222375
0.5,0.0,0.33225715,0.2,0.0,0.33333334,0.096278034
0.36956522,0.0,0.2734732,0.0,0.0,0.0,0.06554205
0.84782606,1.0,0.65671235,0.0,0.0,0.6666667,0.15739591
0.23913044,0.0,0.23244552,0.4,0.0,1.0,0.054392364
0.3043478,1.0,0.51762176,0.4,0.0,1.0,0.056645617
0.41304347,0.0,0.4881625,0.2,0.0,0.33333334,0.07965833
0.0,1.0,0.30669895,0.2,1.0,0.0,0.25629973
0.54347825,0.0,0.2889427,0.4,1.0,1.0,0.34089735
0.82608694,0.0,0.69814366,0.0,0.0,0.6666667,0.15916966
0.4347826,1.0,0.3578154,0.4,0.0,0.33333334,0.08517306
0.23913044,1.0,0.4344902,0.4,0.0,0.33333334,0.052867014
0.08695652,0.0,0.29970405,0.0,0.0,1.0,0.016480623
0.73913044,0.0,0.21980087,0.2,1.0,0.33333334,0.3633889
0.47826087,0.0,0.30777505,0.2,0.0,1.0,0.08579627
0.10869565,0.0,0.5086091,0.0,0.0,0.0,0.028374404
0.2826087,1.0,0.3726123,0.0,1.0,0.6666667,0.29096437
0.5217391,0.0,0.6824052,0.2,0.0,0.0,0.10421469
0.13043478,0.0,0.37570617,0.0,0.0,0.33333334,0.02759537
0.1521739,0.0,0.38579497,0.0,0.0,1.0,0.024120558
0.65217394,0.0,0.30669895,0.2,0.0,0.0,0.13289227
0.10869565,0.0,0.3370998,0.2,1.0,0.6666667,0.27464902
0.5869565,1.0,0.20446594,0.4,0.0,0.0,0.11942732
0.04347826,1.0,0.5290557,0.6,1.0,0.33333334,0.5801166
0.95652175,0.0,0.44982514,0.0,0.0,0.33333334,0.20308407
0.54347825,0.0,0.25047082,0.2,1.0,0.0,0.32960805
0.10869565,0.0,0.32391712,0.0,0.0,1.0,0.1916214
0.2826087,0.0,0.45238099,0.4,0.0,0.33333334,0.06712887
0.5,0.0,0.15590526,0.2,0.0,0.0,0.20117939
0.8695652,0.0,0.44215766,0.2,0.0,0.0,0.18990521
0.65217394,0.0,0.55461395,0.0,0.0,0.33333334,0.12050266
0.2826087,0.0,0.15590526,0.0,0.0,0.33333334,0.04808105
0.02173913,0.0,0.32203388,0.6,0.0,0.33333334,0.2827971
0.02173913,0.0,0.37826204,0.0,1.0,0.33333334,0.5137497
0.5,1.0,0.47323108,0.0,0.0,0.6666667,0.07307373
0.47826087,1.0,0.36037123,0.2,0.0,0.33333334,0.08414766
0.2826087,0.0,0.2647296,0.4,0.0,1.0,0.060860638
0.41304347,1.0,0.22491254,0.4,0.0,0.33333334,0.08103743
0.6086956,1.0,0.6568469,0.4,0.0,0.33333334,0.121492915
0.08695652,1.0,0.4344902,0.0,0.0,0.33333334,0.014899801
0.7173913,1.0,0.4396018,0.2,0.0,0.0,0.14113949
0.0,0.0,0.30454668,0.6,1.0,0.6666667,0.27297643
0.36956522,1.0,0.051116504,0.2,0.0,0.33333334,0.06376247
0.8913044,0.0,0.5068604,0.4,0.0,1.0,0.57126194
0.39130434,1.0,0.46919563,0.4,1.0,1.0,0.5952827
0.41304347,0.0,0.25813827,0.2,1.0,0.0,0.30607235
0.8913044,1.0,0.56873816,0.2,0.0,1.0,0.17917888
0.39130434,1.0,0.40126443,0.2,0.0,0.33333334,0.06786254
0.45652175,1.0,0.48802793,0.4,0.0,0.6666667,0.35820687
0.0,1.0,0.1482378,0.0,0.0,0.0,0.009267275
0.73913044,0.0,0.46650523,0.4,0.0,1.0,0.15459199
0.19565217,0.0,0.4114877,0.2,0.0,0.33333334,0.045239635
0.0,1.0,0.62362117,0.0,0.0,0.0,0.18784446
0.47826087,1.0,0.24535914,0.0,0.0,0.6666667,0.06853769
0.23913044,1.0,0.5738499,0.4,0.0,0.6666667,0.046868473
0.6086956,0.0,0.5014796,0.2,1.0,1.0,0.6470975
0.4347826,0.0,0.38337365,0.6,0.0,0.33333334,0.10240125
0.26086956,0.0,0.16101693,0.2,0.0,0.0,0.05740483
0.47826087,1.0,0.24239975,0.4,0.0,0.6666667,0.08733856
0.6956522,1.0,0.25127786,0.0,0.0,0.6666667,0.116854936
0.04347826,0.0,0.2276029,0.0,1.0,0.6666667,0.39911216
0.5,1.0,0.21468927,0.2,0.0,0.0,0.091568045
0.32608697,0.0,0.6419155,0.2,0.0,0.6666667,0.05864114
0.4347826,1.0,0.023002433,0.4,0.0,0.0,0.088089354
0.5217391,1.0,0.5708905,0.4,0.0,0.6666667,0.096413046
0.82608694,1.0,0.4969061,0.0,0.0,0.6666667,0.15119825
0.8695652,1.0,0.3859295,0.0,0.0,0.0,0.17265174
0.73913044,1.0,0.49838582,0.6,1.0,0.33333334,0.9401577
0.04347826,0.0,0.15711592,0.0,1.0,1.0,0.30400482
0.7826087,0.0,0.23258,0.6,0.0,0.33333334,0.18129444
0.8695652,1.0,0.19747105,0.0,0.0,1.0,0.16319042
0.5869565,0.0,0.31934354,0.4,0.0,0.6666667,0.11802164
0.17391305,1.0,0.4063761,0.0,0.0,0.33333334,0.025183253
0.9782609,0.0,0.15334946,0.0,0.0,0.0,0.21274203
0.8695652,0.0,0.32970136,0.0,0.0,0.33333334,0.17721839
0.41304347,1.0,0.18146354,0.6,0.0,0.0,0.09359566
0.1521739,0.0,0.7040624,0.2,0.0,0.6666667,0.03378469
0.73913044,1.0,0.69518423,0.4,1.0,0.6666667,0.73661685
1.0,1.0,0.56497175,0.4,1.0,0.6666667,0.77345425
0.08695652,0.0,0.14312619,0.6,0.0,0.33333334,0.050669916
0.2173913,0.0,0.46139362,0.0,0.0,0.6666667,0.032718092
0.0,1.0,0.4673124,0.0,0.0,0.6666667,0.00022453467
0.2173913,1.0,0.22437446,1.0,0.0,1.0,0.07172544
0.5869565,0.0,0.26203927,0.6,0.0,1.0,0.12737602
0.32608697,1.0,0.3615819,0.8,0.0,1.0,0.07880946
0.0,0.0,0.6419155,0.0,0.0,0.6666667,0.008173978
0.3043478,1.0,0.4753834,0.2,1.0,0.0,0.5823862
0.13043478,1.0,0.37315038,0.0,1.0,0.0,0.27975982
0.02173913,1.0,0.103309095,0.0,0.0,1.0,0.0019105156
0.04347826,1.0,0.3050847,0.0,1.0,1.0,0.24120225
0.47826087,0.0,0.35889155,0.8,0.0,1.0,0.23475318
0.3478261,0.0,0.31638414,0.0,0.0,0.6666667,0.05256761
0.5217391,0.0,0.590261,0.0,0.0,1.0,0.085431166
0.7173913,0.0,0.54950225,0.6,0.0,0.33333334,0.16464649
0.7826087,0.0,0.31436643,0.2,0.0,0.33333334,0.16255859
0.8043478,1.0,0.5852838,0.6,0.0,0.33333334,0.46196926
0.73913044,0.0,0.19424267,0.0,0.0,0.0,0.14487004
0.3043478,0.0,0.122679584,0.0,0.0,0.0,0.05462793
0.2173913,1.0,0.56873816,0.2,0.0,1.0,0.03440282
0.5,0.0,0.32526228,0.2,0.0,0.6666667,0.0901588
0.54347825,0.0,0.3750336,0.2,0.0,1.0,0.09921815
0.67391306,0.0,0.46771592,0.4,0.0,0.0,0.1476337
1.0,1.0,0.20984665,0.0,1.0,0.6666667,0.41189522
0.8043478,0.0,0.39117566,0.0,0.0,1.0,0.15295798
0.13043478,1.0,0.4063761,0.0,1.0,0.0,0.5288578
0.04347826,0.0,0.46650523,0.0,0.0,1.0,0.012109029
0.5869565,1.0,0.31046543,0.6,0.0,1.0,0.11961051
0.17391305,1.0,0.48305088,0.2,0.0,0.33333334,0.03464814
0.1521739,0.0,0.49838582,0.0,0.0,0.33333334,0.03032688
0.54347825,1.0,0.25719666,1.0,0.0,0.6666667,0.21319656
0.36956522,1.0,0.3134248,0.2,0.0,0.6666667,0.05786532
0.17391305,1.0,0.29862788,0.0,1.0,0.6666667,0.25413942
0.84782606,1.0,0.20823245,0.0,0.0,1.0,0.15702607
0.08695652,0.0,0.3884853,0.0,0.0,0.0,0.025859721
0.3043478,0.0,0.37059456,0.0,0.0,0.33333334,0.05163997
0.45652175,1.0,0.37570617,0.2,1.0,0.0,0.34063306
0.1521739,0.0,0.291364,0.4,0.0,0.33333334,0.048959456
0.65217394,0.0,0.4673124,0.0,0.0,0.6666667,0.114317186
0.6304348,0.0,0.31436643,0.4,1.0,0.33333334,0.3737329
0.0,0.0,0.15334946,0.0,1.0,0.0,0.21008602
0.0,1.0,0.37853107,0.2,0.0,0.6666667,0.009552971
0.9347826,1.0,0.54721546,0.2,1.0,1.0,0.7387561
0.6304348,0.0,0.22491254,0.0,0.0,0.0,0.11832353
0.2173913,0.0,0.035781566,0.0,0.0,0.0,0.041672964
0.39130434,0.0,0.26741993,0.2,0.0,1.0,0.06944414
0.04347826,1.0,0.6306161,0.4,1.0,1.0,0.59415084
0.5652174,1.0,0.49394673,0.2,0.0,0.6666667,0.09618097
0.4347826,0.0,0.10734465,0.4,0.0,0.0,0.09596436
0.02173913,1.0,0.50955075,0.0,1.0,1.0,0.5380296
0.06521739,1.0,0.19504973,0.0,0.0,0.6666667,0.006280607
0.6086956,1.0,0.26324993,0.6,0.0,0.33333334,0.13056996
0.8695652,1.0,0.24791496,0.0,0.0,0.0,0.17253791
0.04347826,1.0,0.16249663,0.2,0.0,1.0,0.013454518
0.0,1.0,0.2734732,0.0,0.0,0.0,0.009370557
0.2173913,0.0,0.28383103,0.4,0.0,0.6666667,0.051374957
0.32608697,1.0,0.30925477,0.4,0.0,0.33333334,0.066076465
0.02173913,0.0,0.26324993,0.2,0.0,0.33333334,0.02536299
0.5869565,1.0,0.3874092,0.0,1.0,0.6666667,0.9812038
0.95652175,1.0,0.40126443,0.6,1.0,0.33333334,0.7278107
0.1521739,0.0,0.13021252,0.2,0.0,1.0,0.033311434
0.54347825,1.0,0.3185364,0.0,1.0,1.0,0.58593285
0.5217391,1.0,0.23258,0.4,1.0,0.0,0.32143608
0.13043478,0.0,0.31638414,0.0,0.0,0.6666667,0.021432977
0.23913044,0.0,0.15846112,0.0,1.0,0.0,0.23932604
0.3043478,1.0,0.32714555,0.8,1.0,0.33333334,0.3248376
0.1521739,0.0,0.38310465,0.0,1.0,1.0,0.52321684
0.5,1.0,0.43691152,0.4,0.0,1.0,0.091847084
0.5217391,1.0,0.27858487,0.2,0.0,0.33333334,0.092883795
0.32608697,0.0,0.28880817,0.0,0.0,0.33333334,0.05506175
0.3478261,1.0,0.72477806,0.2,0.0,1.0,0.054500613
0.02173913,0.0,0.50417006,0.4,1.0,1.0,0.56307286
0.26086956,0.0,0.2070218,0.6,1.0,0.33333334,0.28163463
0.0,1.0,0.33225715,0.2,0.0,0.0,0.1620222
0.02173913,0.0,0.124831855,0.0,0.0,1.0,0.009733714
0.0,1.0,1.0,0.0,0.0,0.6666667,0.0006638421
0.36956522,1.0,0.6389561,0.8,0.0,0.0,0.2933004
0.45652175,0.0,0.27858487,0.4,0.0,0.33333334,0.09704656
0.2826087,1.0,0.4063761,0.6,0.0,0.33333334,0.06868713
0.95652175,1.0,0.28880817,0.0,1.0,0.0,0.4306478
0.95652175,1.0,0.61528116,0.0,0.0,0.6666667,0.1893016
0.5217391,0.0,0.65671235,0.4,1.0,0.6666667,0.6827691
0.2826087,1.0,0.26836154,0.2,0.0,0.33333334,0.04977
0.9347826,1.0,0.47282755,0.0,0.0,0.0,0.19188732
0.5217391,0.0,0.45493674,0.0,0.0,0.0,0.09462544
0.7173913,1.0,0.37853107,0.2,0.0,0.6666667,0.13178325
0.10869565,0.0,0.22235674,0.4,0.0,0.0,0.3395748
0.73913044,1.0,0.6090933,0.4,0.0,1.0,0.14690414
0.84782606,0.0,0.2631154,0.4,0.0,0.6666667,0.18368009
0.10869565,0.0,0.46919563,0.0,0.0,1.0,0.15441798
0.73913044,0.0,0.7732042,0.6,0.0,1.0,0.16424657
0.6956522,1.0,0.40382025,0.6,0.0,0.33333334,0.15129916
0.0,0.0,0.4293785,0.0,0.0,0.0,0.017304579
0.0,0.0,0.5620123,0.0,0.0,0.6666667,0.008108081
0.06521739,0.0,0.2647296,0.0,0.0,1.0,0.014143519
0.9347826,0.0,0.35270378,0.0,1.0,0.33333334,0.44724873
